"sample_id","diagnosis_category","total","Ductal","Acinar","Stromal","myCAF","iCAF","Ductal_pct","Acinar_pct","Stromal_pct","myCAF_pct","iCAF_pct"
"5663-18H01839_3","HG-PanIN",3679,26,563,2049,613,428,0.7,15.3,55.7,16.7,11.6
"5664-18H01839_5","HG-PanIN",3943,25,1203,1804,619,292,0.6,30.5,45.8,15.7,7.4
"5666-22H03674_8","HG-PanIN",3217,58,217,1592,1264,86,1.8,6.7,49.5,39.3,2.7
"5667-22H03674_9","HG-PanIN",4024,97,494,1900,1297,236,2.4,12.3,47.2,32.2,5.9
"5668-22H06985_9","HG-PanIN",4413,12,2361,1931,101,8,0.3,53.5,43.8,2.3,0.2
"5662-18H01839_1","LG-PanIN",3949,0,2798,1132,19,0,0,70.9,28.7,0.5,0
"7527-18H01839_9","LG-PanIN",1795,31,652,1042,63,7,1.7,36.3,58.1,3.5,0.4
"7528-22H03674_11","LG-PanIN",2940,132,387,1357,730,334,4.5,13.2,46.2,24.8,11.4
"7529-22H03674_17","LG-PanIN",2413,23,733,1105,353,199,1,30.4,45.8,14.6,8.2
"7530-23H11594_3","LG-PanIN",1535,15,636,479,323,82,1,41.4,31.2,21,5.3
"5665-18H01839_14","Normal",3593,0,2083,1499,7,4,0,58,41.7,0.2,0.1
"5669-22H06985_12","Normal",4192,0,2114,2068,10,0,0,50.4,49.3,0.2,0
