"sample_id","diagnosis_category","total","Ductal","Acinar","Stromal","Endothelial","Fat","Lymphnode","Ductal_pct","Acinar_pct","Stromal_pct"
"5663-18H01839_3","HG-PanIN",3676,101,552,2071,256,484,212,2.7,15,56.3
"5664-18H01839_5","HG-PanIN",3937,286,1426,1871,239,0,115,7.3,36.2,47.5
"5666-22H03674_8","HG-PanIN",3216,45,832,2210,0,0,129,1.4,25.9,68.7
"5667-22H03674_9","HG-PanIN",4024,21,556,2977,190,0,280,0.5,13.8,74
"5668-22H06985_9","HG-PanIN",4371,39,3332,933,0,0,67,0.9,76.2,21.3
"5662-18H01839_1","LG-PanIN",3947,86,3491,370,0,0,0,2.2,88.4,9.4
"7527-18H01839_9","LG-PanIN",1767,65,1504,198,0,0,0,3.7,85.1,11.2
"7528-22H03674_11","LG-PanIN",2781,189,1245,899,0,255,193,6.8,44.8,32.3
"7529-22H03674_17","LG-PanIN",2137,74,1222,571,270,0,0,3.5,57.2,26.7
"7530-23H11594_3","LG-PanIN",1530,56,777,560,0,137,0,3.7,50.8,36.6
"5665-18H01839_14","Normal",2201,0,1682,519,0,0,0,0,76.4,23.6
"5669-22H06985_12","Normal",3997,0,2763,1234,0,0,0,0,69.1,30.9
