"sample_id","diagnosis","Epi_subtype","n","pct"
"7531-22H03674_11","LG-PanIN","Basal-like",363,7.47528830313015
"7531-22H03674_11","LG-PanIN","Classical",1317,27.1210873146623
"7531-22H03674_11","LG-PanIN","Intermediate",3176,65.4036243822076
"7532-23H11594_3","LG-PanIN","Basal-like",79,6.82800345721694
"7532-23H11594_3","LG-PanIN","Classical",256,22.1261884183232
"7532-23H11594_3","LG-PanIN","Intermediate",822,71.0458081244598
"K22H06985_7","HG-PanIN","Basal-like",250,7.34214390602056
"K22H06985_7","HG-PanIN","Classical",682,20.0293685756241
"K22H06985_7","HG-PanIN","Intermediate",2473,72.6284875183554
"K23H01635_6","HG-PanIN","Basal-like",302,7.82180782180782
"K23H01635_6","HG-PanIN","Classical",1046,27.0914270914271
"K23H01635_6","HG-PanIN","Intermediate",2513,65.0867650867651
