"sample_id","diagnosis","LR_pair","pathway","epi_subtype","score","ligand_mean","receptor_mean","pct_ligand","pct_receptor","n_sender","n_receiver"
"K22H06985_7","HG-PanIN","TGFB1_TGFBR1","TGFb","All",0.0545521192593392,0.0335079760819008,0.0888126966669467,0.0126284875183554,0.0230909676726453,3405,27933
"K22H06985_7","HG-PanIN","TGFB1_TGFBR1","TGFb","Classical",0.0473295341545649,0.0252225738813966,0.0888126966669467,0.0102639296187683,0.0230909676726453,682,27933
"K22H06985_7","HG-PanIN","TGFB1_TGFBR1","TGFb","Basal-like",0.0501561330540493,0.028325203234953,0.0888126966669467,0.012,0.0230909676726453,250,27933
"K22H06985_7","HG-PanIN","TGFB2_TGFBR2","TGFb","All",0.0586680090170251,0.0131668165337069,0.261409830782592,0.00499265785609398,0.0670175061754913,3405,27933
"K22H06985_7","HG-PanIN","TGFB2_TGFBR2","TGFb","Classical",0.0538019568299919,0.0110732276214345,0.261409830782592,0.00439882697947214,0.0670175061754913,682,27933
"K22H06985_7","HG-PanIN","TGFB2_TGFBR2","TGFb","Basal-like",0.0459872896935625,0.00809009671529335,0.261409830782592,0.004,0.0670175061754913,250,27933
"K22H06985_7","HG-PanIN","PDGFA_PDGFRA","PDGF","All",0.154081446329523,0.218907046607162,0.108452845492919,0.0787077826725404,0.0279239609064547,3405,27933
"K22H06985_7","HG-PanIN","PDGFA_PDGFRA","PDGF","Classical",0.152360253059566,0.214043685132178,0.108452845492919,0.0791788856304985,0.0279239609064547,682,27933
"K22H06985_7","HG-PanIN","PDGFA_PDGFRA","PDGF","Basal-like",0.180822427342499,0.301483562569764,0.108452845492919,0.1,0.0279239609064547,250,27933
"K22H06985_7","HG-PanIN","PDGFB_PDGFRB","PDGF","All",0.114139854498048,0.0489828367303191,0.265968801614375,0.0187958883994126,0.0696309025167365,3405,27933
"K22H06985_7","HG-PanIN","PDGFB_PDGFRB","PDGF","Classical",0.131586081471906,0.0651012326710248,0.265968801614375,0.0234604105571848,0.0696309025167365,682,27933
"K22H06985_7","HG-PanIN","PDGFB_PDGFRB","PDGF","Basal-like",0.0881449362269584,0.0292121847949652,0.265968801614375,0.012,0.0696309025167365,250,27933
"K22H06985_7","HG-PanIN","HGF_MET","HGF","All",0.0129056418516379,0.00593411682964231,0.0280674608175497,0.00234948604992658,0.00748218952493467,3405,27933
"K22H06985_7","HG-PanIN","HGF_MET","HGF","Classical",0.0150737358690762,0.00809540679606482,0.0280674608175497,0.00293255131964809,0.00748218952493467,682,27933
"K22H06985_7","HG-PanIN","HGF_MET","HGF","Basal-like",0.0242861024057833,0.0210141834310641,0.0280674608175497,0.008,0.00748218952493467,250,27933
"K22H06985_7","HG-PanIN","FGF2_FGFR1","FGF","All",0.0666748036023988,0.0194761553444622,0.228254979321803,0.00763582966226138,0.0586403179035549,3405,27933
"K22H06985_7","HG-PanIN","FGF2_FGFR1","FGF","Classical",0.0643688410553404,0.0181522773834704,0.228254979321803,0.00733137829912024,0.0586403179035549,682,27933
"K22H06985_7","HG-PanIN","FGF2_FGFR1","FGF","Basal-like",0.0491231179470493,0.0105718645175212,0.228254979321803,0.004,0.0586403179035549,250,27933
"K22H06985_7","HG-PanIN","FGF7_FGFR2","FGF","All",0.0179864372891871,0.0107401001030264,0.0301218725388509,0.00352422907488987,0.00848458812157663,3405,27933
"K22H06985_7","HG-PanIN","FGF7_FGFR2","FGF","Classical",0.0202226123781143,0.0135766476957233,0.0301218725388509,0.00439882697947214,0.00848458812157663,682,27933
"K22H06985_7","HG-PanIN","FGF7_FGFR2","FGF","Basal-like",0.0187627384114913,0.0116872001315321,0.0301218725388509,0.004,0.00848458812157663,250,27933
"K22H06985_7","HG-PanIN","VEGFA_KDR","VEGF","All",0.123015202539999,0.580565670850294,0.0260655095810154,0.201174743024963,0.00690939032685354,3405,27933
"K22H06985_7","HG-PanIN","VEGFA_KDR","VEGF","Classical",0.118985825750206,0.543155570600083,0.0260655095810154,0.18475073313783,0.00690939032685354,682,27933
"K22H06985_7","HG-PanIN","VEGFA_KDR","VEGF","Basal-like",0.132580083918263,0.674357759902616,0.0260655095810154,0.22,0.00690939032685354,250,27933
"K22H06985_7","HG-PanIN","WNT7A_FZD1","WNT","All",0.0303468716571378,0.0214894072413105,0.042855189490961,0.00881057268722467,0.0110979844628218,3405,27933
"K22H06985_7","HG-PanIN","WNT7A_FZD1","WNT","Classical",0.036390239871845,0.0309005647544676,0.042855189490961,0.0131964809384164,0.0110979844628218,682,27933
"K22H06985_7","HG-PanIN","WNT7A_FZD1","WNT","Basal-like",0,0,0.042855189490961,0,0.0110979844628218,250,27933
"K22H06985_7","HG-PanIN","WNT7B_FZD7","WNT","All",0.0258670772378413,0.0388618934667248,0.0172175266087168,0.0146842878120411,0.00454659363476891,3405,27933
"K22H06985_7","HG-PanIN","WNT7B_FZD7","WNT","Classical",0.0254422470103021,0.0375958723714422,0.0172175266087168,0.0131964809384164,0.00454659363476891,682,27933
"K22H06985_7","HG-PanIN","WNT7B_FZD7","WNT","Basal-like",0.0225489328323524,0.0295312087173151,0.0172175266087168,0.012,0.00454659363476891,250,27933
"K22H06985_7","HG-PanIN","SHH_PTCH1","Hedgehog","All",0.084924952804514,0.16852689439607,0.0427958257623782,0.0607929515418502,0.0114559839616225,3405,27933
"K22H06985_7","HG-PanIN","SHH_PTCH1","Hedgehog","Classical",0.0823172180672068,0.158336105674142,0.0427958257623782,0.0571847507331378,0.0114559839616225,682,27933
"K22H06985_7","HG-PanIN","SHH_PTCH1","Hedgehog","Basal-like",0.0775964511025903,0.140696180444073,0.0427958257623782,0.048,0.0114559839616225,250,27933
"K22H06985_7","HG-PanIN","BMP2_BMPR1A","BMP","All",0.0856356969343239,0.225064003013893,0.0325839427506081,0.0807635829662261,0.00855618802133677,3405,27933
"K22H06985_7","HG-PanIN","BMP2_BMPR1A","BMP","Classical",0.081661801658647,0.204660617690649,0.0325839427506081,0.0762463343108504,0.00855618802133677,682,27933
"K22H06985_7","HG-PanIN","BMP2_BMPR1A","BMP","Basal-like",0.104994655204121,0.338322397194443,0.0325839427506081,0.108,0.00855618802133677,250,27933
"K22H06985_7","HG-PanIN","BMP4_BMPR2","BMP","All",0.15534015259229,0.131076283803612,0.18409556868083,0.0481644640234949,0.0473633336913328,3405,27933
"K22H06985_7","HG-PanIN","BMP4_BMPR2","BMP","Classical",0.145598412491254,0.115151591490647,0.18409556868083,0.0425219941348974,0.0473633336913328,682,27933
"K22H06985_7","HG-PanIN","BMP4_BMPR2","BMP","Basal-like",0.113340594002383,0.069779464768565,0.18409556868083,0.028,0.0473633336913328,250,27933
"K22H06985_7","HG-PanIN","IL6_IL6R","IL6","All",0.0112572919762299,0.00443640220292663,0.0285651789088215,0.00146842878120411,0.00733898972541438,3405,27933
"K22H06985_7","HG-PanIN","IL6_IL6R","IL6","Classical",0.0104736479776097,0.0038402455769325,0.0285651789088215,0.00146627565982405,0.00733898972541438,682,27933
"K22H06985_7","HG-PanIN","IL6_IL6R","IL6","Basal-like",0,0,0.0285651789088215,0,0.00733898972541438,250,27933
"K22H06985_7","HG-PanIN","IL1B_IL1R1","IL1","All",0.0839456798445713,0.0249231743961552,0.282743965618375,0.00910425844346549,0.0710987004618193,3405,27933
"K22H06985_7","HG-PanIN","IL1B_IL1R1","IL1","Classical",0.0810323878934604,0.0232232998265959,0.282743965618375,0.00879765395894428,0.0710987004618193,682,27933
"K22H06985_7","HG-PanIN","IL1B_IL1R1","IL1","Basal-like",0.118964685812395,0.0500544598343219,0.282743965618375,0.016,0.0710987004618193,250,27933
"K22H06985_7","HG-PanIN","CXCL1_CXCR2","Chemokine","All",0.00776467135335326,0.0197576532218892,0.0030514819016456,0.00675477239353891,0.000751798947481474,3405,27933
"K22H06985_7","HG-PanIN","CXCL1_CXCR2","Chemokine","Classical",0.00588184348053541,0.0113374694147325,0.0030514819016456,0.00439882697947214,0.000751798947481474,682,27933
"K22H06985_7","HG-PanIN","CXCL1_CXCR2","Chemokine","Basal-like",0.00591075017688608,0.011449180686511,0.0030514819016456,0.004,0.000751798947481474,250,27933
"K22H06985_7","HG-PanIN","CCL2_CCR2","Chemokine","All",0.00888305729323354,0.00597357641572791,0.0132096254208969,0.00205580029368576,0.00347259513836681,3405,27933
"K22H06985_7","HG-PanIN","CCL2_CCR2","Chemokine","Classical",0.00801003173901854,0.00485711035822302,0.0132096254208969,0.00146627565982405,0.00347259513836681,682,27933
"K22H06985_7","HG-PanIN","CCL2_CCR2","Chemokine","Basal-like",0.0155339693970676,0.0182673011187208,0.0132096254208969,0.004,0.00347259513836681,250,27933
"K22H06985_7","HG-PanIN","SPP1_CD44","Matricellular","All",0.213134060515374,0.140710655650047,0.322833601633893,0.0417033773861968,0.0826978842229621,3405,27933
"K22H06985_7","HG-PanIN","SPP1_CD44","Matricellular","Classical",0.221195263020249,0.151555922726045,0.322833601633893,0.0454545454545455,0.0826978842229621,682,27933
"K22H06985_7","HG-PanIN","SPP1_CD44","Matricellular","Basal-like",0.20828423112398,0.134379818938751,0.322833601633893,0.036,0.0826978842229621,250,27933
"K23H01635_6","HG-PanIN","TGFB1_TGFBR1","TGFb","All",0.125085326485685,0.0660087246489826,0.237034406970193,0.0282310282310282,0.0695180222291472,3861,115524
"K23H01635_6","HG-PanIN","TGFB1_TGFBR1","TGFb","Classical",0.115979644523257,0.0567482084802673,0.237034406970193,0.0229445506692161,0.0695180222291472,1046,115524
"K23H01635_6","HG-PanIN","TGFB1_TGFBR1","TGFb","Basal-like",0.111151671858448,0.0521219442984983,0.237034406970193,0.0231788079470199,0.0695180222291472,302,115524
"K23H01635_6","HG-PanIN","TGFB2_TGFBR2","TGFb","All",0.0650292616760844,0.0133773609989761,0.316116525109874,0.00595700595700596,0.0931581316436411,3861,115524
"K23H01635_6","HG-PanIN","TGFB2_TGFBR2","TGFb","Classical",0.0644444276729177,0.013137827124496,0.316116525109874,0.00573613766730402,0.0931581316436411,1046,115524
"K23H01635_6","HG-PanIN","TGFB2_TGFBR2","TGFb","Basal-like",0.0461352381578257,0.00673315069226291,0.316116525109874,0.0033112582781457,0.0931581316436411,302,115524
"K23H01635_6","HG-PanIN","PDGFA_PDGFRA","PDGF","All",0.169687993050306,0.255498088303612,0.112697575064533,0.108262108262108,0.0331186593262006,3861,115524
"K23H01635_6","HG-PanIN","PDGFA_PDGFRA","PDGF","Classical",0.170007683393565,0.2564617064413,0.112697575064533,0.108030592734226,0.0331186593262006,1046,115524
"K23H01635_6","HG-PanIN","PDGFA_PDGFRA","PDGF","Basal-like",0.15986748846501,0.226780512832466,0.112697575064533,0.0894039735099338,0.0331186593262006,302,115524
"K23H01635_6","HG-PanIN","PDGFB_PDGFRB","PDGF","All",0.14716666509991,0.0540524800780509,0.400685172731303,0.0238280238280238,0.115984557321422,3861,115524
"K23H01635_6","HG-PanIN","PDGFB_PDGFRB","PDGF","Classical",0.171359227037137,0.0732844304934045,0.400685172731303,0.0325047801147228,0.115984557321422,1046,115524
"K23H01635_6","HG-PanIN","PDGFB_PDGFRB","PDGF","Basal-like",0.152068422681266,0.0577131542431086,0.400685172731303,0.0231788079470199,0.115984557321422,302,115524
"K23H01635_6","HG-PanIN","HGF_MET","HGF","All",0.0179235866953047,0.0155720083623985,0.0206302843247782,0.00621600621600622,0.00635365811433122,3861,115524
"K23H01635_6","HG-PanIN","HGF_MET","HGF","Classical",0.0160701411632814,0.0125179775975079,0.0206302843247782,0.00478011472275335,0.00635365811433122,1046,115524
"K23H01635_6","HG-PanIN","HGF_MET","HGF","Basal-like",0.0222593379201986,0.0240170284056866,0.0206302843247782,0.00993377483443709,0.00635365811433122,302,115524
"K23H01635_6","HG-PanIN","FGF2_FGFR1","FGF","All",0.0912508178267568,0.0246486403065141,0.337816271019679,0.0103600103600104,0.0976939856653163,3861,115524
"K23H01635_6","HG-PanIN","FGF2_FGFR1","FGF","Classical",0.0807926142657021,0.019322475202819,0.337816271019679,0.00860420650095602,0.0976939856653163,1046,115524
"K23H01635_6","HG-PanIN","FGF2_FGFR1","FGF","Basal-like",0.0557138619671182,0.00918852844453509,0.337816271019679,0.0033112582781457,0.0976939856653163,302,115524
"K23H01635_6","HG-PanIN","FGF7_FGFR2","FGF","All",0.0206402084133438,0.0320464710916688,0.0132937633640735,0.0134680134680135,0.0039818565839133,3861,115524
"K23H01635_6","HG-PanIN","FGF7_FGFR2","FGF","Classical",0.0197542892257825,0.0293545124979788,0.0132937633640735,0.0124282982791587,0.0039818565839133,1046,115524
"K23H01635_6","HG-PanIN","FGF7_FGFR2","FGF","Basal-like",0.0259421665952461,0.0506249426309394,0.0132937633640735,0.0231788079470199,0.0039818565839133,302,115524
"K23H01635_6","HG-PanIN","VEGFA_KDR","VEGF","All",0.144509882556813,0.926442254670694,0.0225411848944722,0.368298368298368,0.00682974966240781,3861,115524
"K23H01635_6","HG-PanIN","VEGFA_KDR","VEGF","Classical",0.141555459624283,0.888948306987885,0.0225411848944722,0.3565965583174,0.00682974966240781,1046,115524
"K23H01635_6","HG-PanIN","VEGFA_KDR","VEGF","Basal-like",0.152931029784,1.03756301988057,0.0225411848944722,0.413907284768212,0.00682974966240781,302,115524
"K23H01635_6","HG-PanIN","WNT7A_FZD1","WNT","All",0.0866072828374237,0.057850963265907,0.129657675810939,0.0259000259000259,0.0378795748069665,3861,115524
"K23H01635_6","HG-PanIN","WNT7A_FZD1","WNT","Classical",0.084907447674021,0.055602374679528,0.129657675810939,0.0248565965583174,0.0378795748069665,1046,115524
"K23H01635_6","HG-PanIN","WNT7A_FZD1","WNT","Basal-like",0.0846528744716988,0.0552694555991463,0.129657675810939,0.0231788079470199,0.0378795748069665,302,115524
"K23H01635_6","HG-PanIN","WNT7B_FZD7","WNT","All",0.0557512900864625,0.134334271197962,0.0231378509637685,0.058016058016058,0.00678646861258267,3861,115524
"K23H01635_6","HG-PanIN","WNT7B_FZD7","WNT","Classical",0.0594332560248971,0.152663785727214,0.0231378509637685,0.0650095602294455,0.00678646861258267,1046,115524
"K23H01635_6","HG-PanIN","WNT7B_FZD7","WNT","Basal-like",0.0523789751651729,0.118574410547027,0.0231378509637685,0.0496688741721854,0.00678646861258267,302,115524
"K23H01635_6","HG-PanIN","SHH_PTCH1","Hedgehog","All",0.0338204067944564,0.107279335799678,0.010662071192148,0.0484330484330484,0.00327204736678093,3861,115524
"K23H01635_6","HG-PanIN","SHH_PTCH1","Hedgehog","Classical",0.033556308226896,0.105610420482627,0.010662071192148,0.0487571701720841,0.00327204736678093,1046,115524
"K23H01635_6","HG-PanIN","SHH_PTCH1","Hedgehog","Basal-like",0.0332136060294357,0.103464289967504,0.010662071192148,0.0496688741721854,0.00327204736678093,302,115524
"K23H01635_6","HG-PanIN","BMP2_BMPR1A","BMP","All",0.0520171911951941,0.119820731484323,0.0225819701342034,0.0502460502460502,0.00673453135279249,3861,115524
"K23H01635_6","HG-PanIN","BMP2_BMPR1A","BMP","Classical",0.0531204268596341,0.124957199614562,0.0225819701342034,0.0506692160611855,0.00673453135279249,1046,115524
"K23H01635_6","HG-PanIN","BMP2_BMPR1A","BMP","Basal-like",0.0528644673493214,0.123755894260731,0.0225819701342034,0.0529801324503311,0.00673453135279249,302,115524
"K23H01635_6","HG-PanIN","BMP4_BMPR2","BMP","All",0.0737423397028734,0.0245191683763609,0.221782916181477,0.0106190106190106,0.0656833212146394,3861,115524
"K23H01635_6","HG-PanIN","BMP4_BMPR2","BMP","Classical",0.0746432253222021,0.0251219128255216,0.221782916181477,0.0105162523900574,0.0656833212146394,1046,115524
"K23H01635_6","HG-PanIN","BMP4_BMPR2","BMP","Basal-like",0.0988870812937984,0.0440911095190251,0.221782916181477,0.0198675496688742,0.0656833212146394,302,115524
"K23H01635_6","HG-PanIN","IL6_IL6R","IL6","All",0.0178041779088277,0.00711960187113057,0.0445233816085352,0.00336700336700337,0.0132353450365292,3861,115524
"K23H01635_6","HG-PanIN","IL6_IL6R","IL6","Classical",0.0159411710797786,0.00570758388545342,0.0445233816085352,0.00286806883365201,0.0132353450365292,1046,115524
"K23H01635_6","HG-PanIN","IL6_IL6R","IL6","Basal-like",0.0155376925784289,0.0054223170374706,0.0445233816085352,0.0033112582781457,0.0132353450365292,302,115524
"K23H01635_6","HG-PanIN","IL1B_IL1R1","IL1","All",0.163079636087412,0.0358830264308308,0.741157320095841,0.013986013986014,0.210103528271182,3861,115524
"K23H01635_6","HG-PanIN","IL1B_IL1R1","IL1","Classical",0.127880473467119,0.0220647021229714,0.741157320095841,0.00860420650095602,0.210103528271182,1046,115524
"K23H01635_6","HG-PanIN","IL1B_IL1R1","IL1","Basal-like",0.166990568876666,0.0376247381462095,0.741157320095841,0.0132450331125828,0.210103528271182,302,115524
"K23H01635_6","HG-PanIN","CXCL1_CXCR2","Chemokine","All",0.017569814713426,0.0795780382650962,0.00387919073897954,0.0336700336700337,0.00114261971538382,3861,115524
"K23H01635_6","HG-PanIN","CXCL1_CXCR2","Chemokine","Classical",0.0173774760786256,0.0778452762914781,0.00387919073897954,0.0334608030592734,0.00114261971538382,1046,115524
"K23H01635_6","HG-PanIN","CXCL1_CXCR2","Chemokine","Basal-like",0.0174133146012899,0.0781666965629184,0.00387919073897954,0.0364238410596026,0.00114261971538382,302,115524
"K23H01635_6","HG-PanIN","CCL2_CCR2","Chemokine","All",0.00922641161859929,0.00930266740540534,0.00915078091541367,0.00388500388500389,0.00285654928845954,3861,115524
"K23H01635_6","HG-PanIN","CCL2_CCR2","Chemokine","Classical",0.0094428723321416,0.00974428725868958,0.00915078091541367,0.00382409177820268,0.00285654928845954,1046,115524
"K23H01635_6","HG-PanIN","CCL2_CCR2","Chemokine","Basal-like",0,0,0.00915078091541367,0,0.00285654928845954,302,115524
"K23H01635_6","HG-PanIN","SPP1_CD44","Matricellular","All",0.306423555267067,0.164727549789978,0.570004199918123,0.0694120694120694,0.165281673072262,3861,115524
"K23H01635_6","HG-PanIN","SPP1_CD44","Matricellular","Classical",0.31392561694501,0.172892222528293,0.570004199918123,0.0736137667304015,0.165281673072262,1046,115524
"K23H01635_6","HG-PanIN","SPP1_CD44","Matricellular","Basal-like",0.301290968182458,0.15925540113803,0.570004199918123,0.0629139072847682,0.165281673072262,302,115524
"7531-22H03674_11","LG-PanIN","TGFB1_TGFBR1","TGFb","All",0.0639329622120768,0.041702441051839,0.0980140143865892,0.0152388797364086,0.0280706234268413,4856,54826
"7531-22H03674_11","LG-PanIN","TGFB1_TGFBR1","TGFb","Classical",0.0648086556577992,0.0428526662687726,0.0980140143865892,0.0151860288534548,0.0280706234268413,1317,54826
"7531-22H03674_11","LG-PanIN","TGFB1_TGFBR1","TGFb","Basal-like",0.0532726030070968,0.028954739267776,0.0980140143865892,0.0110192837465565,0.0280706234268413,363,54826
"7531-22H03674_11","LG-PanIN","TGFB2_TGFBR2","TGFb","All",0.0912000692790182,0.0172882481495646,0.481104422179824,0.00617792421746293,0.133586254696677,4856,54826
"7531-22H03674_11","LG-PanIN","TGFB2_TGFBR2","TGFb","Classical",0.091114605001822,0.0172558614344539,0.481104422179824,0.00683371298405467,0.133586254696677,1317,54826
"7531-22H03674_11","LG-PanIN","TGFB2_TGFBR2","TGFb","Basal-like",0.0922337742113225,0.0176823756196643,0.481104422179824,0.00550964187327824,0.133586254696677,363,54826
"7531-22H03674_11","LG-PanIN","PDGFA_PDGFRA","PDGF","All",0.229628681998113,0.488399260744021,0.107963577823323,0.169069192751236,0.0308795097216649,4856,54826
"7531-22H03674_11","LG-PanIN","PDGFA_PDGFRA","PDGF","Classical",0.225638164351396,0.471571823001116,0.107963577823323,0.163249810174639,0.0308795097216649,1317,54826
"7531-22H03674_11","LG-PanIN","PDGFA_PDGFRA","PDGF","Basal-like",0.249465850920231,0.576427828996147,0.107963577823323,0.195592286501377,0.0308795097216649,363,54826
"7531-22H03674_11","LG-PanIN","PDGFB_PDGFRB","PDGF","All",0.087025797985873,0.029645341888187,0.255469798379888,0.0107084019769358,0.0726480137161201,4856,54826
"7531-22H03674_11","LG-PanIN","PDGFB_PDGFRB","PDGF","Classical",0.0821583291941799,0.02642187490962,0.255469798379888,0.00987091875474563,0.0726480137161201,1317,54826
"7531-22H03674_11","LG-PanIN","PDGFB_PDGFRB","PDGF","Basal-like",0.0899579922713573,0.0316767008265298,0.255469798379888,0.0110192837465565,0.0726480137161201,363,54826
"7531-22H03674_11","LG-PanIN","HGF_MET","HGF","All",0,0,0.0245945396544362,0,0.0070039762156641,4856,54826
"7531-22H03674_11","LG-PanIN","HGF_MET","HGF","Classical",0,0,0.0245945396544362,0,0.0070039762156641,1317,54826
"7531-22H03674_11","LG-PanIN","HGF_MET","HGF","Basal-like",0,0,0.0245945396544362,0,0.0070039762156641,363,54826
"7531-22H03674_11","LG-PanIN","FGF2_FGFR1","FGF","All",0,0,0.0638049298964208,0,0.018075365702404,4856,54826
"7531-22H03674_11","LG-PanIN","FGF2_FGFR1","FGF","Classical",0,0,0.0638049298964208,0,0.018075365702404,1317,54826
"7531-22H03674_11","LG-PanIN","FGF2_FGFR1","FGF","Basal-like",0,0,0.0638049298964208,0,0.018075365702404,363,54826
"7531-22H03674_11","LG-PanIN","FGF7_FGFR2","FGF","All",0.0297982906115584,0.0219189211011271,0.0405101199677766,0.00782537067545305,0.0116732936927735,4856,54826
"7531-22H03674_11","LG-PanIN","FGF7_FGFR2","FGF","Classical",0.0310216905269718,0.0237556759623693,0.0405101199677766,0.00911161731207289,0.0116732936927735,1317,54826
"7531-22H03674_11","LG-PanIN","FGF7_FGFR2","FGF","Basal-like",0.0165827300078934,0.00678810466948563,0.0405101199677766,0.00275482093663912,0.0116732936927735,363,54826
"7531-22H03674_11","LG-PanIN","VEGFA_KDR","VEGF","All",0.0875526753040497,0.407491768655492,0.0188113516456746,0.143533772652389,0.00552657498267245,4856,54826
"7531-22H03674_11","LG-PanIN","VEGFA_KDR","VEGF","Classical",0.0912667233740991,0.442797250954563,0.0188113516456746,0.154897494305239,0.00552657498267245,1317,54826
"7531-22H03674_11","LG-PanIN","VEGFA_KDR","VEGF","Basal-like",0.0768415576811682,0.313886269210536,0.0188113516456746,0.112947658402204,0.00552657498267245,363,54826
"7531-22H03674_11","LG-PanIN","WNT7A_FZD1","WNT","All",0.00952767183748848,0.00224359797000393,0.0404602481623356,0.000823723228995058,0.0115273775216138,4856,54826
"7531-22H03674_11","LG-PanIN","WNT7A_FZD1","WNT","Classical",0,0,0.0404602481623356,0,0.0115273775216138,1317,54826
"7531-22H03674_11","LG-PanIN","WNT7A_FZD1","WNT","Basal-like",0.0155323825419518,0.0059627639074669,0.0404602481623356,0.00275482093663912,0.0115273775216138,363,54826
"7531-22H03674_11","LG-PanIN","WNT7B_FZD7","WNT","All",0.0118396087478124,0.00687117104514462,0.0204006470484138,0.00247116968698517,0.00585488636778171,4856,54826
"7531-22H03674_11","LG-PanIN","WNT7B_FZD7","WNT","Classical",0.00650565942903184,0.00207462069737841,0.0204006470484138,0.000759301442672741,0.00585488636778171,1317,54826
"7531-22H03674_11","LG-PanIN","WNT7B_FZD7","WNT","Basal-like",0,0,0.0204006470484138,0,0.00585488636778171,363,54826
"7531-22H03674_11","LG-PanIN","SHH_PTCH1","Hedgehog","All",0.0437415549114475,0.0256079099154284,0.0747161182771279,0.00967874794069193,0.021139605296757,4856,54826
"7531-22H03674_11","LG-PanIN","SHH_PTCH1","Hedgehog","Classical",0.050969909878301,0.0347706997219288,0.0747161182771279,0.0129081245254366,0.021139605296757,1317,54826
"7531-22H03674_11","LG-PanIN","SHH_PTCH1","Hedgehog","Basal-like",0.0347038028741637,0.0161190645566165,0.0747161182771279,0.00550964187327824,0.021139605296757,363,54826
"7531-22H03674_11","LG-PanIN","BMP2_BMPR1A","BMP","All",0.0829636769846037,0.138350861553408,0.0497501180803893,0.0492174629324547,0.0143362638164375,4856,54826
"7531-22H03674_11","LG-PanIN","BMP2_BMPR1A","BMP","Classical",0.0792748410505794,0.126321316734158,0.0497501180803893,0.0455580865603645,0.0143362638164375,1317,54826
"7531-22H03674_11","LG-PanIN","BMP2_BMPR1A","BMP","Basal-like",0.0900363202685122,0.162945120138108,0.0497501180803893,0.0578512396694215,0.0143362638164375,363,54826
"7531-22H03674_11","LG-PanIN","BMP4_BMPR2","BMP","All",0.0859814063363751,0.0383206302478856,0.192919641137394,0.014003294892916,0.0548644803560355,4856,54826
"7531-22H03674_11","LG-PanIN","BMP4_BMPR2","BMP","Classical",0.0896205440010815,0.0416330958304534,0.192919641137394,0.0151860288534548,0.0548644803560355,1317,54826
"7531-22H03674_11","LG-PanIN","BMP4_BMPR2","BMP","Basal-like",0.113963416740369,0.0673216074763977,0.192919641137394,0.0247933884297521,0.0548644803560355,363,54826
"7531-22H03674_11","LG-PanIN","IL6_IL6R","IL6","All",0.00591052542228398,0.00150898495963303,0.0231508674387059,0.000411861614497529,0.00665742530915989,4856,54826
"7531-22H03674_11","LG-PanIN","IL6_IL6R","IL6","Classical",0,0,0.0231508674387059,0,0.00665742530915989,1317,54826
"7531-22H03674_11","LG-PanIN","IL6_IL6R","IL6","Basal-like",0,0,0.0231508674387059,0,0.00665742530915989,363,54826
"7531-22H03674_11","LG-PanIN","IL1B_IL1R1","IL1","All",0.0221423489574238,0.00768043025277248,0.0638354364555741,0.00267710049423394,0.0180024076168241,4856,54826
"7531-22H03674_11","LG-PanIN","IL1B_IL1R1","IL1","Classical",0.0163960047550645,0.00421128117632886,0.0638354364555741,0.00151860288534548,0.0180024076168241,1317,54826
"7531-22H03674_11","LG-PanIN","IL1B_IL1R1","IL1","Basal-like",0,0,0.0638354364555741,0,0.0180024076168241,363,54826
"7531-22H03674_11","LG-PanIN","CXCL1_CXCR2","Chemokine","All",0.0137715891992031,0.0464595274076818,0.00408219109521652,0.0160626029654036,0.00114908984788239,4856,54826
"7531-22H03674_11","LG-PanIN","CXCL1_CXCR2","Chemokine","Classical",0.0138642708242943,0.0470869689845285,0.00408219109521652,0.0167046317388003,0.00114908984788239,1317,54826
"7531-22H03674_11","LG-PanIN","CXCL1_CXCR2","Chemokine","Basal-like",0.00792240533440231,0.0153752004300125,0.00408219109521652,0.00550964187327824,0.00114908984788239,363,54826
"7531-22H03674_11","LG-PanIN","CCL2_CCR2","Chemokine","All",0.0304122989519864,0.0332341980565373,0.0278300058864534,0.0117380560131796,0.00831722175610112,4856,54826
"7531-22H03674_11","LG-PanIN","CCL2_CCR2","Chemokine","Classical",0.0326281434518441,0.0382535220961746,0.0278300058864534,0.0136674259681093,0.00831722175610112,1317,54826
"7531-22H03674_11","LG-PanIN","CCL2_CCR2","Chemokine","Basal-like",0.0301226330225878,0.0326041260614743,0.0278300058864534,0.0110192837465565,0.00831722175610112,363,54826
"7531-22H03674_11","LG-PanIN","SPP1_CD44","Matricellular","All",0.219853248802589,0.0722225566391629,0.669256991974766,0.0238879736408567,0.185350016415569,4856,54826
"7531-22H03674_11","LG-PanIN","SPP1_CD44","Matricellular","Classical",0.176273165066379,0.046427947851295,0.669256991974766,0.0151860288534548,0.185350016415569,1317,54826
"7531-22H03674_11","LG-PanIN","SPP1_CD44","Matricellular","Basal-like",0.261175126626306,0.101922650919184,0.669256991974766,0.0358126721763085,0.185350016415569,363,54826
"7532-23H11594_3","LG-PanIN","TGFB1_TGFBR1","TGFb","All",0.0300803037851939,0.0134421324188869,0.0673125846118157,0.00518582541054451,0.0182612356594043,1157,19002
"7532-23H11594_3","LG-PanIN","TGFB1_TGFBR1","TGFb","Classical",0,0,0.0673125846118157,0,0.0182612356594043,256,19002
"7532-23H11594_3","LG-PanIN","TGFB1_TGFBR1","TGFb","Basal-like",0.0631003728606008,0.0591517481925353,0.0673125846118157,0.0253164556962025,0.0182612356594043,79,19002
"7532-23H11594_3","LG-PanIN","TGFB2_TGFBR2","TGFb","All",0.0690142041615363,0.0123191487437641,0.386630641054741,0.00518582541054451,0.103304915272077,1157,19002
"7532-23H11594_3","LG-PanIN","TGFB2_TGFBR2","TGFb","Classical",0.0865831976099919,0.0193896947430752,0.386630641054741,0.0078125,0.103304915272077,256,19002
"7532-23H11594_3","LG-PanIN","TGFB2_TGFBR2","TGFb","Basal-like",0,0,0.386630641054741,0,0.103304915272077,79,19002
"7532-23H11594_3","LG-PanIN","PDGFA_PDGFRA","PDGF","All",0.15767129216345,0.387096758851738,0.0642222798409265,0.133102852203976,0.0175244711083044,1157,19002
"7532-23H11594_3","LG-PanIN","PDGFA_PDGFRA","PDGF","Classical",0.154565752744603,0.371998190981085,0.0642222798409265,0.12890625,0.0175244711083044,256,19002
"7532-23H11594_3","LG-PanIN","PDGFA_PDGFRA","PDGF","Basal-like",0.167257964622842,0.435600025397232,0.0642222798409265,0.151898734177215,0.0175244711083044,79,19002
"7532-23H11594_3","LG-PanIN","PDGFB_PDGFRB","PDGF","All",0.0407402609775787,0.0104724550857013,0.158488993358149,0.00345721694036301,0.0427323439637933,1157,19002
"7532-23H11594_3","LG-PanIN","PDGFB_PDGFRB","PDGF","Classical",0.0418589804358534,0.0110554948075772,0.158488993358149,0.00390625,0.0427323439637933,256,19002
"7532-23H11594_3","LG-PanIN","PDGFB_PDGFRB","PDGF","Basal-like",0,0,0.158488993358149,0,0.0427323439637933,79,19002
"7532-23H11594_3","LG-PanIN","HGF_MET","HGF","All",0,0,0.0312903679306306,0,0.00868329649510578,1157,19002
"7532-23H11594_3","LG-PanIN","HGF_MET","HGF","Classical",0,0,0.0312903679306306,0,0.00868329649510578,256,19002
"7532-23H11594_3","LG-PanIN","HGF_MET","HGF","Basal-like",0,0,0.0312903679306306,0,0.00868329649510578,79,19002
"7532-23H11594_3","LG-PanIN","FGF2_FGFR1","FGF","All",0.0169762620480813,0.00314794602212313,0.0915496870339451,0.000864304235090752,0.0245763603831176,1157,19002
"7532-23H11594_3","LG-PanIN","FGF2_FGFR1","FGF","Classical",0,0,0.0915496870339451,0,0.0245763603831176,256,19002
"7532-23H11594_3","LG-PanIN","FGF2_FGFR1","FGF","Basal-like",0,0,0.0915496870339451,0,0.0245763603831176,79,19002
"7532-23H11594_3","LG-PanIN","FGF7_FGFR2","FGF","All",0.0182531704834041,0.0204205318920904,0.0163158449768523,0.00605012964563526,0.00520997789706347,1157,19002
"7532-23H11594_3","LG-PanIN","FGF7_FGFR2","FGF","Classical",0,0,0.0163158449768523,0,0.00520997789706347,256,19002
"7532-23H11594_3","LG-PanIN","FGF7_FGFR2","FGF","Basal-like",0,0,0.0163158449768523,0,0.00520997789706347,79,19002
"7532-23H11594_3","LG-PanIN","VEGFA_KDR","VEGF","All",0.062814594240672,0.23873954990316,0.016527103495088,0.0829732065687122,0.00452583938532786,1157,19002
"7532-23H11594_3","LG-PanIN","VEGFA_KDR","VEGF","Classical",0.056515231080244,0.193256570638808,0.016527103495088,0.0703125,0.00452583938532786,256,19002
"7532-23H11594_3","LG-PanIN","VEGFA_KDR","VEGF","Basal-like",0.0844370107914653,0.431388887563812,0.016527103495088,0.139240506329114,0.00452583938532786,79,19002
"7532-23H11594_3","LG-PanIN","WNT7A_FZD1","WNT","All",0,0,0.0208157854973486,0,0.00568361225134196,1157,19002
"7532-23H11594_3","LG-PanIN","WNT7A_FZD1","WNT","Classical",0,0,0.0208157854973486,0,0.00568361225134196,256,19002
"7532-23H11594_3","LG-PanIN","WNT7A_FZD1","WNT","Basal-like",0,0,0.0208157854973486,0,0.00568361225134196,79,19002
"7532-23H11594_3","LG-PanIN","WNT7B_FZD7","WNT","All",0.00730024858977382,0.00684738481625192,0.00778306330118982,0.00259291270527226,0.00215766761393538,1157,19002
"7532-23H11594_3","LG-PanIN","WNT7B_FZD7","WNT","Classical",0.00878426985713135,0.0099142707616306,0.00778306330118982,0.00390625,0.00215766761393538,256,19002
"7532-23H11594_3","LG-PanIN","WNT7B_FZD7","WNT","Basal-like",0,0,0.00778306330118982,0,0.00215766761393538,79,19002
"7532-23H11594_3","LG-PanIN","SHH_PTCH1","Hedgehog","All",0.0208400947913416,0.019894813394511,0.0218302902520278,0.00691443388072602,0.00620987264498474,1157,19002
"7532-23H11594_3","LG-PanIN","SHH_PTCH1","Hedgehog","Classical",0.0216904690687539,0.0215515434284649,0.0218302902520278,0.0078125,0.00620987264498474,256,19002
"7532-23H11594_3","LG-PanIN","SHH_PTCH1","Hedgehog","Basal-like",0.0374555123159155,0.0642646243660176,0.0218302902520278,0.0253164556962025,0.00620987264498474,79,19002
"7532-23H11594_3","LG-PanIN","BMP2_BMPR1A","BMP","All",0.0576334641928711,0.117229766524912,0.0283342387631992,0.0414866032843561,0.00778865382591306,1157,19002
"7532-23H11594_3","LG-PanIN","BMP2_BMPR1A","BMP","Classical",0.0487192482179975,0.0837702105485772,0.0283342387631992,0.02734375,0.00778865382591306,256,19002
"7532-23H11594_3","LG-PanIN","BMP2_BMPR1A","BMP","Basal-like",0.0469202787927933,0.0776979604213964,0.0283342387631992,0.0253164556962025,0.00778865382591306,79,19002
"7532-23H11594_3","LG-PanIN","BMP4_BMPR2","BMP","All",0.0861223783937888,0.0410389518057937,0.180732297825302,0.0146931719965428,0.0484685822544995,1157,19002
"7532-23H11594_3","LG-PanIN","BMP4_BMPR2","BMP","Classical",0.0783568699323959,0.0339717866672464,0.180732297825302,0.01171875,0.0484685822544995,256,19002
"7532-23H11594_3","LG-PanIN","BMP4_BMPR2","BMP","Basal-like",0.0896579041797081,0.0444776051575898,0.180732297825302,0.0126582278481013,0.0484685822544995,79,19002
"7532-23H11594_3","LG-PanIN","IL6_IL6R","IL6","All",0.0117036090905993,0.00506403251156571,0.0270484965159138,0.0017286084701815,0.00710451531417746,1157,19002
"7532-23H11594_3","LG-PanIN","IL6_IL6R","IL6","Classical",0,0,0.0270484965159138,0,0.00710451531417746,256,19002
"7532-23H11594_3","LG-PanIN","IL6_IL6R","IL6","Basal-like",0,0,0.0270484965159138,0,0.00710451531417746,79,19002
"7532-23H11594_3","LG-PanIN","IL1B_IL1R1","IL1","All",0,0,0.0820832505085375,0,0.0209451636669824,1157,19002
"7532-23H11594_3","LG-PanIN","IL1B_IL1R1","IL1","Classical",0,0,0.0820832505085375,0,0.0209451636669824,256,19002
"7532-23H11594_3","LG-PanIN","IL1B_IL1R1","IL1","Basal-like",0,0,0.0820832505085375,0,0.0209451636669824,79,19002
"7532-23H11594_3","LG-PanIN","CXCL1_CXCR2","Chemokine","All",0.00634621229365503,0.0107023145762567,0.00376314956817732,0.00345721694036301,0.000999894747921271,1157,19002
"7532-23H11594_3","LG-PanIN","CXCL1_CXCR2","Chemokine","Classical",0,0,0.00376314956817732,0,0.000999894747921271,256,19002
"7532-23H11594_3","LG-PanIN","CXCL1_CXCR2","Chemokine","Basal-like",0,0,0.00376314956817732,0,0.000999894747921271,79,19002
"7532-23H11594_3","LG-PanIN","CCL2_CCR2","Chemokine","All",0.0237258867411369,0.0808460582163716,0.00696283423177784,0.0267934312878133,0.00194716345647827,1157,19002
"7532-23H11594_3","LG-PanIN","CCL2_CCR2","Chemokine","Classical",0.0282799859114602,0.114860928255675,0.00696283423177784,0.0390625,0.00194716345647827,256,19002
"7532-23H11594_3","LG-PanIN","CCL2_CCR2","Chemokine","Basal-like",0.0318969462300428,0.146120838861686,0.00696283423177784,0.0506329113924051,0.00194716345647827,79,19002
"7532-23H11594_3","LG-PanIN","SPP1_CD44","Matricellular","All",0.0945434900508826,0.0134225048271837,0.665931703961757,0.00518582541054451,0.175244711083044,1157,19002
"7532-23H11594_3","LG-PanIN","SPP1_CD44","Matricellular","Classical",0.076649172843552,0.00882236971546577,0.665931703961757,0.00390625,0.175244711083044,256,19002
"7532-23H11594_3","LG-PanIN","SPP1_CD44","Matricellular","Basal-like",0,0,0.665931703961757,0,0.175244711083044,79,19002
