"ligand","receptor","pathway","direction","score","diagnosis","LR_pair"
"TGFB1","TGFBR1","TGFb","Epi_to_Str",0.262957857766952,"LG-PanIN","TGFB1_TGFBR1"
"TGFB2","TGFBR2","TGFb","Epi_to_Str",0.328817413807603,"LG-PanIN","TGFB2_TGFBR2"
"PDGFA","PDGFRA","PDGF","Epi_to_Str",0.637106639956326,"LG-PanIN","PDGFA_PDGFRA"
"PDGFB","PDGFRB","PDGF","Epi_to_Str",0.332384952010141,"LG-PanIN","PDGFB_PDGFRB"
"HGF","MET","HGF","Epi_to_Str",0.0332441720976273,"LG-PanIN","HGF_MET"
"FGF2","FGFR1","FGF","Epi_to_Str",0.0705663873704427,"LG-PanIN","FGF2_FGFR1"
"FGF7","FGFR2","FGF","Epi_to_Str",0.213271965512503,"LG-PanIN","FGF7_FGFR2"
"VEGFA","KDR","VEGF","Epi_to_Str",0.324092852190271,"LG-PanIN","VEGFA_KDR"
"IL6","IL6R","IL6","Epi_to_Str",0.0645721923720645,"LG-PanIN","IL6_IL6R"
"IL1B","IL1R1","IL1","Epi_to_Str",0.121446016904196,"LG-PanIN","IL1B_IL1R1"
"CXCL1","CXCR2","Chemokine","Epi_to_Str",0.0533404914083955,"LG-PanIN","CXCL1_CXCR2"
"CXCL8","CXCR1","Chemokine","Epi_to_Str",0.0414323550600648,"LG-PanIN","CXCL8_CXCR1"
"CCL2","CCR2","Chemokine","Epi_to_Str",0.135139077796356,"LG-PanIN","CCL2_CCR2"
"WNT7A","FZD1","WNT","Epi_to_Str",0.0551806104964002,"LG-PanIN","WNT7A_FZD1"
"WNT7B","FZD7","WNT","Epi_to_Str",0.0401097671047426,"LG-PanIN","WNT7B_FZD7"
"SHH","PTCH1","Hedgehog","Epi_to_Str",0.183967629349372,"LG-PanIN","SHH_PTCH1"
"IHH","PTCH2","Hedgehog","Epi_to_Str",NA,"LG-PanIN","IHH_PTCH2"
"BMP2","BMPR1A","BMP","Epi_to_Str",0.267738202017061,"LG-PanIN","BMP2_BMPR1A"
"BMP4","BMPR2","BMP","Epi_to_Str",0.321261569685356,"LG-PanIN","BMP4_BMPR2"
"HGF","MET","HGF","Str_to_Epi",0.0767215298656492,"LG-PanIN","HGF_MET"
"FGF7","FGFR2","FGF","Str_to_Epi",0.469706190377125,"LG-PanIN","FGF7_FGFR2"
"FGF10","FGFR2","FGF","Str_to_Epi",0.137155823507231,"LG-PanIN","FGF10_FGFR2"
"WNT2","FZD7","WNT","Str_to_Epi",0.0368057545336732,"LG-PanIN","WNT2_FZD7"
"WNT5A","ROR2","WNT","Str_to_Epi",0.0569218236814557,"LG-PanIN","WNT5A_ROR2"
"RSPO3","LGR5","WNT","Str_to_Epi",0.0912864655048013,"LG-PanIN","RSPO3_LGR5"
"IGF1","IGF1R","IGF","Str_to_Epi",0.105738621340041,"LG-PanIN","IGF1_IGF1R"
"EGF","EGFR","EGF","Str_to_Epi",0.224542960986552,"LG-PanIN","EGF_EGFR"
"AREG","EGFR","EGF","Str_to_Epi",0.287858472435706,"LG-PanIN","AREG_EGFR"
"EREG","EGFR","EGF","Str_to_Epi",0.133783038986298,"LG-PanIN","EREG_EGFR"
"NRG1","ERBB3","EGF","Str_to_Epi",0.278608725829822,"LG-PanIN","NRG1_ERBB3"
"IL6","IL6R","IL6_family","Str_to_Epi",0.219024197602258,"LG-PanIN","IL6_IL6R"
"LIF","LIFR","IL6_family","Str_to_Epi",0.331450138642107,"LG-PanIN","LIF_LIFR"
"OSM","OSMR","IL6_family","Str_to_Epi",0.228781866602832,"LG-PanIN","OSM_OSMR"
"CXCL12","CXCR4","Chemokine","Str_to_Epi",0.844464036599988,"LG-PanIN","CXCL12_CXCR4"
"CCL5","CCR5","Chemokine","Str_to_Epi",0.228026606920458,"LG-PanIN","CCL5_CCR5"
"COL1A1","ITGA2","ECM_Integrin","Str_to_Epi",0.993203377618163,"LG-PanIN","COL1A1_ITGA2"
"COL3A1","ITGA2","ECM_Integrin","Str_to_Epi",1.02891263609151,"LG-PanIN","COL3A1_ITGA2"
"FN1","ITGA5","ECM_Integrin","Str_to_Epi",0.280811562970367,"LG-PanIN","FN1_ITGA5"
"LAMA1","ITGA6","ECM_Integrin","Str_to_Epi",0.104276048153857,"LG-PanIN","LAMA1_ITGA6"
"LAMB1","ITGB1","ECM_Integrin","Str_to_Epi",0.659979145724502,"LG-PanIN","LAMB1_ITGB1"
"POSTN","ITGAV","Matricellular","Str_to_Epi",0.114130525331237,"LG-PanIN","POSTN_ITGAV"
"TNC","ITGB1","Matricellular","Str_to_Epi",0.366653989721127,"LG-PanIN","TNC_ITGB1"
"THBS1","CD47","Matricellular","Str_to_Epi",1.06799943155379,"LG-PanIN","THBS1_CD47"
"THBS2","CD36","Matricellular","Str_to_Epi",0.253529597801083,"LG-PanIN","THBS2_CD36"
"TGFB1","TGFBR1","TGFb","Epi_to_Str",0.32347998850138,"HG-PanIN","TGFB1_TGFBR1"
"TGFB2","TGFBR2","TGFb","Epi_to_Str",0.250129235991728,"HG-PanIN","TGFB2_TGFBR2"
"PDGFA","PDGFRA","PDGF","Epi_to_Str",0.553271172918606,"HG-PanIN","PDGFA_PDGFRA"
"PDGFB","PDGFRB","PDGF","Epi_to_Str",0.484091206683563,"HG-PanIN","PDGFB_PDGFRB"
"HGF","MET","HGF","Epi_to_Str",0.113072718056251,"HG-PanIN","HGF_MET"
"FGF2","FGFR1","FGF","Epi_to_Str",0.253471611836372,"HG-PanIN","FGF2_FGFR1"
"FGF7","FGFR2","FGF","Epi_to_Str",0.146178087673666,"HG-PanIN","FGF7_FGFR2"
"VEGFA","KDR","VEGF","Epi_to_Str",0.258333113834071,"HG-PanIN","VEGFA_KDR"
"IL6","IL6R","IL6","Epi_to_Str",0.151669793984252,"HG-PanIN","IL6_IL6R"
"IL1B","IL1R1","IL1","Epi_to_Str",0.222199240285926,"HG-PanIN","IL1B_IL1R1"
"CXCL1","CXCR2","Chemokine","Epi_to_Str",0.00362425596371404,"HG-PanIN","CXCL1_CXCR2"
"CXCL8","CXCR1","Chemokine","Epi_to_Str",0.0158925120373844,"HG-PanIN","CXCL8_CXCR1"
"CCL2","CCR2","Chemokine","Epi_to_Str",0.0685540381587933,"HG-PanIN","CCL2_CCR2"
"WNT7A","FZD1","WNT","Epi_to_Str",0.123606399339929,"HG-PanIN","WNT7A_FZD1"
"WNT7B","FZD7","WNT","Epi_to_Str",0.145350080521728,"HG-PanIN","WNT7B_FZD7"
"SHH","PTCH1","Hedgehog","Epi_to_Str",0.117271118826132,"HG-PanIN","SHH_PTCH1"
"IHH","PTCH2","Hedgehog","Epi_to_Str",NA,"HG-PanIN","IHH_PTCH2"
"BMP2","BMPR1A","BMP","Epi_to_Str",0.164536617632031,"HG-PanIN","BMP2_BMPR1A"
"BMP4","BMPR2","BMP","Epi_to_Str",0.219505786831018,"HG-PanIN","BMP4_BMPR2"
"HGF","MET","HGF","Str_to_Epi",0.22865073264821,"HG-PanIN","HGF_MET"
"FGF7","FGFR2","FGF","Str_to_Epi",0.330847994680701,"HG-PanIN","FGF7_FGFR2"
"FGF10","FGFR2","FGF","Str_to_Epi",0.0844967406965014,"HG-PanIN","FGF10_FGFR2"
"WNT2","FZD7","WNT","Str_to_Epi",0.0434240537711347,"HG-PanIN","WNT2_FZD7"
"WNT5A","ROR2","WNT","Str_to_Epi",0.0489289936802079,"HG-PanIN","WNT5A_ROR2"
"RSPO3","LGR5","WNT","Str_to_Epi",0.0778072841066977,"HG-PanIN","RSPO3_LGR5"
"IGF1","IGF1R","IGF","Str_to_Epi",0.387443272048881,"HG-PanIN","IGF1_IGF1R"
"EGF","EGFR","EGF","Str_to_Epi",0.215803494718719,"HG-PanIN","EGF_EGFR"
"AREG","EGFR","EGF","Str_to_Epi",0.237362041494289,"HG-PanIN","AREG_EGFR"
"EREG","EGFR","EGF","Str_to_Epi",0.0741175316097933,"HG-PanIN","EREG_EGFR"
"NRG1","ERBB3","EGF","Str_to_Epi",0.248494372922632,"HG-PanIN","NRG1_ERBB3"
"IL6","IL6R","IL6_family","Str_to_Epi",0.384682170932371,"HG-PanIN","IL6_IL6R"
"LIF","LIFR","IL6_family","Str_to_Epi",0.271912108600824,"HG-PanIN","LIF_LIFR"
"OSM","OSMR","IL6_family","Str_to_Epi",0.162320492168313,"HG-PanIN","OSM_OSMR"
"CXCL12","CXCR4","Chemokine","Str_to_Epi",0.463892427179406,"HG-PanIN","CXCL12_CXCR4"
"CCL5","CCR5","Chemokine","Str_to_Epi",0.0631394505403795,"HG-PanIN","CCL5_CCR5"
"COL1A1","ITGA2","ECM_Integrin","Str_to_Epi",1.08949318500509,"HG-PanIN","COL1A1_ITGA2"
"COL3A1","ITGA2","ECM_Integrin","Str_to_Epi",1.30429005114565,"HG-PanIN","COL3A1_ITGA2"
"FN1","ITGA5","ECM_Integrin","Str_to_Epi",0.71009266259325,"HG-PanIN","FN1_ITGA5"
"LAMA1","ITGA6","ECM_Integrin","Str_to_Epi",0.113931002328304,"HG-PanIN","LAMA1_ITGA6"
"LAMB1","ITGB1","ECM_Integrin","Str_to_Epi",0.636726547078863,"HG-PanIN","LAMB1_ITGB1"
"POSTN","ITGAV","Matricellular","Str_to_Epi",0.358487495227095,"HG-PanIN","POSTN_ITGAV"
"TNC","ITGB1","Matricellular","Str_to_Epi",0.729115999801366,"HG-PanIN","TNC_ITGB1"
"THBS1","CD47","Matricellular","Str_to_Epi",0.810749262304675,"HG-PanIN","THBS1_CD47"
"THBS2","CD36","Matricellular","Str_to_Epi",0.144097857838702,"HG-PanIN","THBS2_CD36"
