"ligand","receptor","pathway","direction","score","diagnosis","sample_id","LR_pair","n_epi","n_str"
"TGFB1","TGFBR1","TGFb","Epi_to_Str",0.180716385804945,"LG-PanIN","5662-18H01839_1","TGFB1_TGFBR1",86,370
"TGFB2","TGFBR2","TGFb","Epi_to_Str",0.14691290149438,"LG-PanIN","5662-18H01839_1","TGFB2_TGFBR2",86,370
"PDGFA","PDGFRA","PDGF","Epi_to_Str",0.345093469969165,"LG-PanIN","5662-18H01839_1","PDGFA_PDGFRA",86,370
"PDGFB","PDGFRB","PDGF","Epi_to_Str",0.231708708981178,"LG-PanIN","5662-18H01839_1","PDGFB_PDGFRB",86,370
"HGF","MET","HGF","Epi_to_Str",0.0409850098444532,"LG-PanIN","5662-18H01839_1","HGF_MET",86,370
"FGF2","FGFR1","FGF","Epi_to_Str",0.17045981793012,"LG-PanIN","5662-18H01839_1","FGF2_FGFR1",86,370
"FGF7","FGFR2","FGF","Epi_to_Str",0.0510480330125249,"LG-PanIN","5662-18H01839_1","FGF7_FGFR2",86,370
"VEGFA","KDR","VEGF","Epi_to_Str",0.188293169890897,"LG-PanIN","5662-18H01839_1","VEGFA_KDR",86,370
"IL6","IL6R","IL6","Epi_to_Str",0.0889325349398448,"LG-PanIN","5662-18H01839_1","IL6_IL6R",86,370
"IL1B","IL1R1","IL1","Epi_to_Str",0.19794483696927,"LG-PanIN","5662-18H01839_1","IL1B_IL1R1",86,370
"CXCL1","CXCR2","Chemokine","Epi_to_Str",0,"LG-PanIN","5662-18H01839_1","CXCL1_CXCR2",86,370
"CXCL8","CXCR1","Chemokine","Epi_to_Str",0.00589309434651611,"LG-PanIN","5662-18H01839_1","CXCL8_CXCR1",86,370
"CCL2","CCR2","Chemokine","Epi_to_Str",0.0243386939775513,"LG-PanIN","5662-18H01839_1","CCL2_CCR2",86,370
"WNT7A","FZD1","WNT","Epi_to_Str",0.013038011887242,"LG-PanIN","5662-18H01839_1","WNT7A_FZD1",86,370
"WNT7B","FZD7","WNT","Epi_to_Str",0.0179795756557205,"LG-PanIN","5662-18H01839_1","WNT7B_FZD7",86,370
"SHH","PTCH1","Hedgehog","Epi_to_Str",0.0939831002074292,"LG-PanIN","5662-18H01839_1","SHH_PTCH1",86,370
"IHH","PTCH2","Hedgehog","Epi_to_Str",NA,"LG-PanIN","5662-18H01839_1","IHH_PTCH2",86,370
"BMP2","BMPR1A","BMP","Epi_to_Str",0.137624349748901,"LG-PanIN","5662-18H01839_1","BMP2_BMPR1A",86,370
"BMP4","BMPR2","BMP","Epi_to_Str",0.0938703809891206,"LG-PanIN","5662-18H01839_1","BMP4_BMPR2",86,370
"HGF","MET","HGF","Str_to_Epi",0.112849401526293,"LG-PanIN","5662-18H01839_1","HGF_MET",86,370
"FGF7","FGFR2","FGF","Str_to_Epi",0.116939078301142,"LG-PanIN","5662-18H01839_1","FGF7_FGFR2",86,370
"FGF10","FGFR2","FGF","Str_to_Epi",0.0372080140189468,"LG-PanIN","5662-18H01839_1","FGF10_FGFR2",86,370
"WNT2","FZD7","WNT","Str_to_Epi",0.0209498391872303,"LG-PanIN","5662-18H01839_1","WNT2_FZD7",86,370
"WNT5A","ROR2","WNT","Str_to_Epi",0,"LG-PanIN","5662-18H01839_1","WNT5A_ROR2",86,370
"RSPO3","LGR5","WNT","Str_to_Epi",0.021124296278624,"LG-PanIN","5662-18H01839_1","RSPO3_LGR5",86,370
"IGF1","IGF1R","IGF","Str_to_Epi",0.165061240185324,"LG-PanIN","5662-18H01839_1","IGF1_IGF1R",86,370
"EGF","EGFR","EGF","Str_to_Epi",0.358870488190433,"LG-PanIN","5662-18H01839_1","EGF_EGFR",86,370
"AREG","EGFR","EGF","Str_to_Epi",0.226487656072242,"LG-PanIN","5662-18H01839_1","AREG_EGFR",86,370
"EREG","EGFR","EGF","Str_to_Epi",0.0442602787912096,"LG-PanIN","5662-18H01839_1","EREG_EGFR",86,370
"NRG1","ERBB3","EGF","Str_to_Epi",0.188492037785153,"LG-PanIN","5662-18H01839_1","NRG1_ERBB3",86,370
"IL6","IL6R","IL6_family","Str_to_Epi",0.250582181021662,"LG-PanIN","5662-18H01839_1","IL6_IL6R",86,370
"LIF","LIFR","IL6_family","Str_to_Epi",0.11422491889627,"LG-PanIN","5662-18H01839_1","LIF_LIFR",86,370
"OSM","OSMR","IL6_family","Str_to_Epi",0.0691812791207043,"LG-PanIN","5662-18H01839_1","OSM_OSMR",86,370
"CXCL12","CXCR4","Chemokine","Str_to_Epi",0.29066966430479,"LG-PanIN","5662-18H01839_1","CXCL12_CXCR4",86,370
"CCL5","CCR5","Chemokine","Str_to_Epi",0,"LG-PanIN","5662-18H01839_1","CCL5_CCR5",86,370
"COL1A1","ITGA2","ECM_Integrin","Str_to_Epi",0.249672717649496,"LG-PanIN","5662-18H01839_1","COL1A1_ITGA2",86,370
"COL3A1","ITGA2","ECM_Integrin","Str_to_Epi",0.335566468219796,"LG-PanIN","5662-18H01839_1","COL3A1_ITGA2",86,370
"FN1","ITGA5","ECM_Integrin","Str_to_Epi",0.344709211678249,"LG-PanIN","5662-18H01839_1","FN1_ITGA5",86,370
"LAMA1","ITGA6","ECM_Integrin","Str_to_Epi",0.121775807303926,"LG-PanIN","5662-18H01839_1","LAMA1_ITGA6",86,370
"LAMB1","ITGB1","ECM_Integrin","Str_to_Epi",0.379220551924254,"LG-PanIN","5662-18H01839_1","LAMB1_ITGB1",86,370
"POSTN","ITGAV","Matricellular","Str_to_Epi",0.131741609628975,"LG-PanIN","5662-18H01839_1","POSTN_ITGAV",86,370
"TNC","ITGB1","Matricellular","Str_to_Epi",0.335412624130976,"LG-PanIN","5662-18H01839_1","TNC_ITGB1",86,370
"THBS1","CD47","Matricellular","Str_to_Epi",0.514712526896439,"LG-PanIN","5662-18H01839_1","THBS1_CD47",86,370
"THBS2","CD36","Matricellular","Str_to_Epi",0.0730243316387367,"LG-PanIN","5662-18H01839_1","THBS2_CD36",86,370
"TGFB1","TGFBR1","TGFb","Epi_to_Str",0.408003700456548,"HG-PanIN","5663-18H01839_3","TGFB1_TGFBR1",101,2071
"TGFB2","TGFBR2","TGFb","Epi_to_Str",0.366211281081912,"HG-PanIN","5663-18H01839_3","TGFB2_TGFBR2",101,2071
"PDGFA","PDGFRA","PDGF","Epi_to_Str",0.663383101969036,"HG-PanIN","5663-18H01839_3","PDGFA_PDGFRA",101,2071
"PDGFB","PDGFRB","PDGF","Epi_to_Str",0.487988107010934,"HG-PanIN","5663-18H01839_3","PDGFB_PDGFRB",101,2071
"HGF","MET","HGF","Epi_to_Str",0.14482961225809,"HG-PanIN","5663-18H01839_3","HGF_MET",101,2071
"FGF2","FGFR1","FGF","Epi_to_Str",0.419147436579514,"HG-PanIN","5663-18H01839_3","FGF2_FGFR1",101,2071
"FGF7","FGFR2","FGF","Epi_to_Str",0.143392265444151,"HG-PanIN","5663-18H01839_3","FGF7_FGFR2",101,2071
"VEGFA","KDR","VEGF","Epi_to_Str",0.35587887764218,"HG-PanIN","5663-18H01839_3","VEGFA_KDR",101,2071
"IL6","IL6R","IL6","Epi_to_Str",0.299367630823634,"HG-PanIN","5663-18H01839_3","IL6_IL6R",101,2071
"IL1B","IL1R1","IL1","Epi_to_Str",0.398115651218883,"HG-PanIN","5663-18H01839_3","IL1B_IL1R1",101,2071
"CXCL1","CXCR2","Chemokine","Epi_to_Str",0.00305158933011,"HG-PanIN","5663-18H01839_3","CXCL1_CXCR2",101,2071
"CXCL8","CXCR1","Chemokine","Epi_to_Str",0.0243190983031881,"HG-PanIN","5663-18H01839_3","CXCL8_CXCR1",101,2071
"CCL2","CCR2","Chemokine","Epi_to_Str",0.0661080803308757,"HG-PanIN","5663-18H01839_3","CCL2_CCR2",101,2071
"WNT7A","FZD1","WNT","Epi_to_Str",0.159414602284369,"HG-PanIN","5663-18H01839_3","WNT7A_FZD1",101,2071
"WNT7B","FZD7","WNT","Epi_to_Str",0.193029980040247,"HG-PanIN","5663-18H01839_3","WNT7B_FZD7",101,2071
"SHH","PTCH1","Hedgehog","Epi_to_Str",0.154715708420554,"HG-PanIN","5663-18H01839_3","SHH_PTCH1",101,2071
"IHH","PTCH2","Hedgehog","Epi_to_Str",NA,"HG-PanIN","5663-18H01839_3","IHH_PTCH2",101,2071
"BMP2","BMPR1A","BMP","Epi_to_Str",0.198438755164112,"HG-PanIN","5663-18H01839_3","BMP2_BMPR1A",101,2071
"BMP4","BMPR2","BMP","Epi_to_Str",0.242359247196759,"HG-PanIN","5663-18H01839_3","BMP4_BMPR2",101,2071
"HGF","MET","HGF","Str_to_Epi",0.252699112971229,"HG-PanIN","5663-18H01839_3","HGF_MET",101,2071
"FGF7","FGFR2","FGF","Str_to_Epi",0.365947243375193,"HG-PanIN","5663-18H01839_3","FGF7_FGFR2",101,2071
"FGF10","FGFR2","FGF","Str_to_Epi",0.123838449000904,"HG-PanIN","5663-18H01839_3","FGF10_FGFR2",101,2071
"WNT2","FZD7","WNT","Str_to_Epi",0.0323852593928279,"HG-PanIN","5663-18H01839_3","WNT2_FZD7",101,2071
"WNT5A","ROR2","WNT","Str_to_Epi",0.0985026147879031,"HG-PanIN","5663-18H01839_3","WNT5A_ROR2",101,2071
"RSPO3","LGR5","WNT","Str_to_Epi",0.115165167889475,"HG-PanIN","5663-18H01839_3","RSPO3_LGR5",101,2071
"IGF1","IGF1R","IGF","Str_to_Epi",0.520366960146514,"HG-PanIN","5663-18H01839_3","IGF1_IGF1R",101,2071
"EGF","EGFR","EGF","Str_to_Epi",0.252619816203939,"HG-PanIN","5663-18H01839_3","EGF_EGFR",101,2071
"AREG","EGFR","EGF","Str_to_Epi",0.327938842837869,"HG-PanIN","5663-18H01839_3","AREG_EGFR",101,2071
"EREG","EGFR","EGF","Str_to_Epi",0.0906066506508407,"HG-PanIN","5663-18H01839_3","EREG_EGFR",101,2071
"NRG1","ERBB3","EGF","Str_to_Epi",0.240840395797494,"HG-PanIN","5663-18H01839_3","NRG1_ERBB3",101,2071
"IL6","IL6R","IL6_family","Str_to_Epi",0.52636171565904,"HG-PanIN","5663-18H01839_3","IL6_IL6R",101,2071
"LIF","LIFR","IL6_family","Str_to_Epi",0.358110636046442,"HG-PanIN","5663-18H01839_3","LIF_LIFR",101,2071
"OSM","OSMR","IL6_family","Str_to_Epi",0.199739318904165,"HG-PanIN","5663-18H01839_3","OSM_OSMR",101,2071
"CXCL12","CXCR4","Chemokine","Str_to_Epi",0.701771473953548,"HG-PanIN","5663-18H01839_3","CXCL12_CXCR4",101,2071
"CCL5","CCR5","Chemokine","Str_to_Epi",0.0719245876762707,"HG-PanIN","5663-18H01839_3","CCL5_CCR5",101,2071
"COL1A1","ITGA2","ECM_Integrin","Str_to_Epi",1.15801603939561,"HG-PanIN","5663-18H01839_3","COL1A1_ITGA2",101,2071
"COL3A1","ITGA2","ECM_Integrin","Str_to_Epi",1.32503147932924,"HG-PanIN","5663-18H01839_3","COL3A1_ITGA2",101,2071
"FN1","ITGA5","ECM_Integrin","Str_to_Epi",0.810349196433569,"HG-PanIN","5663-18H01839_3","FN1_ITGA5",101,2071
"LAMA1","ITGA6","ECM_Integrin","Str_to_Epi",0.101840942139496,"HG-PanIN","5663-18H01839_3","LAMA1_ITGA6",101,2071
"LAMB1","ITGB1","ECM_Integrin","Str_to_Epi",0.784330168935473,"HG-PanIN","5663-18H01839_3","LAMB1_ITGB1",101,2071
"POSTN","ITGAV","Matricellular","Str_to_Epi",0.190858429520026,"HG-PanIN","5663-18H01839_3","POSTN_ITGAV",101,2071
"TNC","ITGB1","Matricellular","Str_to_Epi",0.783369537960983,"HG-PanIN","5663-18H01839_3","TNC_ITGB1",101,2071
"THBS1","CD47","Matricellular","Str_to_Epi",0.899513167033825,"HG-PanIN","5663-18H01839_3","THBS1_CD47",101,2071
"THBS2","CD36","Matricellular","Str_to_Epi",0.166672635849581,"HG-PanIN","5663-18H01839_3","THBS2_CD36",101,2071
"TGFB1","TGFBR1","TGFb","Epi_to_Str",0.335959036198766,"HG-PanIN","5664-18H01839_5","TGFB1_TGFBR1",286,1871
"TGFB2","TGFBR2","TGFb","Epi_to_Str",0.237654729664761,"HG-PanIN","5664-18H01839_5","TGFB2_TGFBR2",286,1871
"PDGFA","PDGFRA","PDGF","Epi_to_Str",0.568741570142179,"HG-PanIN","5664-18H01839_5","PDGFA_PDGFRA",286,1871
"PDGFB","PDGFRB","PDGF","Epi_to_Str",0.353450287857811,"HG-PanIN","5664-18H01839_5","PDGFB_PDGFRB",286,1871
"HGF","MET","HGF","Epi_to_Str",0.0910957089354104,"HG-PanIN","5664-18H01839_5","HGF_MET",286,1871
"FGF2","FGFR1","FGF","Epi_to_Str",0.282655339921252,"HG-PanIN","5664-18H01839_5","FGF2_FGFR1",286,1871
"FGF7","FGFR2","FGF","Epi_to_Str",0.102195561588269,"HG-PanIN","5664-18H01839_5","FGF7_FGFR2",286,1871
"VEGFA","KDR","VEGF","Epi_to_Str",0.243296075864001,"HG-PanIN","5664-18H01839_5","VEGFA_KDR",286,1871
"IL6","IL6R","IL6","Epi_to_Str",0.085901344916645,"HG-PanIN","5664-18H01839_5","IL6_IL6R",286,1871
"IL1B","IL1R1","IL1","Epi_to_Str",0.183721929984026,"HG-PanIN","5664-18H01839_5","IL1B_IL1R1",286,1871
"CXCL1","CXCR2","Chemokine","Epi_to_Str",0.00275628598485518,"HG-PanIN","5664-18H01839_5","CXCL1_CXCR2",286,1871
"CXCL8","CXCR1","Chemokine","Epi_to_Str",0.00847445031653701,"HG-PanIN","5664-18H01839_5","CXCL8_CXCR1",286,1871
"CCL2","CCR2","Chemokine","Epi_to_Str",0.0444601053452844,"HG-PanIN","5664-18H01839_5","CCL2_CCR2",286,1871
"WNT7A","FZD1","WNT","Epi_to_Str",0.148119452259028,"HG-PanIN","5664-18H01839_5","WNT7A_FZD1",286,1871
"WNT7B","FZD7","WNT","Epi_to_Str",0.121401464776012,"HG-PanIN","5664-18H01839_5","WNT7B_FZD7",286,1871
"SHH","PTCH1","Hedgehog","Epi_to_Str",0.107806002490195,"HG-PanIN","5664-18H01839_5","SHH_PTCH1",286,1871
"IHH","PTCH2","Hedgehog","Epi_to_Str",NA,"HG-PanIN","5664-18H01839_5","IHH_PTCH2",286,1871
"BMP2","BMPR1A","BMP","Epi_to_Str",0.166149226757945,"HG-PanIN","5664-18H01839_5","BMP2_BMPR1A",286,1871
"BMP4","BMPR2","BMP","Epi_to_Str",0.202926170569682,"HG-PanIN","5664-18H01839_5","BMP4_BMPR2",286,1871
"HGF","MET","HGF","Str_to_Epi",0.272980079366458,"HG-PanIN","5664-18H01839_5","HGF_MET",286,1871
"FGF7","FGFR2","FGF","Str_to_Epi",0.313275077198052,"HG-PanIN","5664-18H01839_5","FGF7_FGFR2",286,1871
"FGF10","FGFR2","FGF","Str_to_Epi",0.0945215642317502,"HG-PanIN","5664-18H01839_5","FGF10_FGFR2",286,1871
"WNT2","FZD7","WNT","Str_to_Epi",0.0230040934362423,"HG-PanIN","5664-18H01839_5","WNT2_FZD7",286,1871
"WNT5A","ROR2","WNT","Str_to_Epi",0.0420160049849376,"HG-PanIN","5664-18H01839_5","WNT5A_ROR2",286,1871
"RSPO3","LGR5","WNT","Str_to_Epi",0.073911320752318,"HG-PanIN","5664-18H01839_5","RSPO3_LGR5",286,1871
"IGF1","IGF1R","IGF","Str_to_Epi",0.369432068379204,"HG-PanIN","5664-18H01839_5","IGF1_IGF1R",286,1871
"EGF","EGFR","EGF","Str_to_Epi",0.199368708415118,"HG-PanIN","5664-18H01839_5","EGF_EGFR",286,1871
"AREG","EGFR","EGF","Str_to_Epi",0.228207887497131,"HG-PanIN","5664-18H01839_5","AREG_EGFR",286,1871
"EREG","EGFR","EGF","Str_to_Epi",0.0745927360583064,"HG-PanIN","5664-18H01839_5","EREG_EGFR",286,1871
"NRG1","ERBB3","EGF","Str_to_Epi",0.195987591871693,"HG-PanIN","5664-18H01839_5","NRG1_ERBB3",286,1871
"IL6","IL6R","IL6_family","Str_to_Epi",0.240449222043479,"HG-PanIN","5664-18H01839_5","IL6_IL6R",286,1871
"LIF","LIFR","IL6_family","Str_to_Epi",0.239014230707055,"HG-PanIN","5664-18H01839_5","LIF_LIFR",286,1871
"OSM","OSMR","IL6_family","Str_to_Epi",0.108418689591875,"HG-PanIN","5664-18H01839_5","OSM_OSMR",286,1871
"CXCL12","CXCR4","Chemokine","Str_to_Epi",0.407877542006536,"HG-PanIN","5664-18H01839_5","CXCL12_CXCR4",286,1871
"CCL5","CCR5","Chemokine","Str_to_Epi",0.0518541152128753,"HG-PanIN","5664-18H01839_5","CCL5_CCR5",286,1871
"COL1A1","ITGA2","ECM_Integrin","Str_to_Epi",0.87152234941293,"HG-PanIN","5664-18H01839_5","COL1A1_ITGA2",286,1871
"COL3A1","ITGA2","ECM_Integrin","Str_to_Epi",1.0519873438717,"HG-PanIN","5664-18H01839_5","COL3A1_ITGA2",286,1871
"FN1","ITGA5","ECM_Integrin","Str_to_Epi",0.584760914187551,"HG-PanIN","5664-18H01839_5","FN1_ITGA5",286,1871
"LAMA1","ITGA6","ECM_Integrin","Str_to_Epi",0.0944811522832079,"HG-PanIN","5664-18H01839_5","LAMA1_ITGA6",286,1871
"LAMB1","ITGB1","ECM_Integrin","Str_to_Epi",0.619640955624744,"HG-PanIN","5664-18H01839_5","LAMB1_ITGB1",286,1871
"POSTN","ITGAV","Matricellular","Str_to_Epi",0.18350040940702,"HG-PanIN","5664-18H01839_5","POSTN_ITGAV",286,1871
"TNC","ITGB1","Matricellular","Str_to_Epi",0.473369452193254,"HG-PanIN","5664-18H01839_5","TNC_ITGB1",286,1871
"THBS1","CD47","Matricellular","Str_to_Epi",0.670644114709407,"HG-PanIN","5664-18H01839_5","THBS1_CD47",286,1871
"THBS2","CD36","Matricellular","Str_to_Epi",0.132484332456218,"HG-PanIN","5664-18H01839_5","THBS2_CD36",286,1871
"TGFB1","TGFBR1","TGFb","Epi_to_Str",0.298645176197132,"HG-PanIN","5666-22H03674_8","TGFB1_TGFBR1",45,2210
"TGFB2","TGFBR2","TGFb","Epi_to_Str",0.29463085330937,"HG-PanIN","5666-22H03674_8","TGFB2_TGFBR2",45,2210
"PDGFA","PDGFRA","PDGF","Epi_to_Str",0.422742263702521,"HG-PanIN","5666-22H03674_8","PDGFA_PDGFRA",45,2210
"PDGFB","PDGFRB","PDGF","Epi_to_Str",0.665288634627807,"HG-PanIN","5666-22H03674_8","PDGFB_PDGFRB",45,2210
"HGF","MET","HGF","Epi_to_Str",0.0809466627532107,"HG-PanIN","5666-22H03674_8","HGF_MET",45,2210
"FGF2","FGFR1","FGF","Epi_to_Str",0.0996799756101043,"HG-PanIN","5666-22H03674_8","FGF2_FGFR1",45,2210
"FGF7","FGFR2","FGF","Epi_to_Str",0.104913490094144,"HG-PanIN","5666-22H03674_8","FGF7_FGFR2",45,2210
"VEGFA","KDR","VEGF","Epi_to_Str",0.298112162402041,"HG-PanIN","5666-22H03674_8","VEGFA_KDR",45,2210
"IL6","IL6R","IL6","Epi_to_Str",0.139831024284793,"HG-PanIN","5666-22H03674_8","IL6_IL6R",45,2210
"IL1B","IL1R1","IL1","Epi_to_Str",0.15233825116328,"HG-PanIN","5666-22H03674_8","IL1B_IL1R1",45,2210
"CXCL1","CXCR2","Chemokine","Epi_to_Str",0,"HG-PanIN","5666-22H03674_8","CXCL1_CXCR2",45,2210
"CXCL8","CXCR1","Chemokine","Epi_to_Str",0.015966268069756,"HG-PanIN","5666-22H03674_8","CXCL8_CXCR1",45,2210
"CCL2","CCR2","Chemokine","Epi_to_Str",0.0785389744403372,"HG-PanIN","5666-22H03674_8","CCL2_CCR2",45,2210
"WNT7A","FZD1","WNT","Epi_to_Str",0.0601531982549652,"HG-PanIN","5666-22H03674_8","WNT7A_FZD1",45,2210
"WNT7B","FZD7","WNT","Epi_to_Str",0.165176414252977,"HG-PanIN","5666-22H03674_8","WNT7B_FZD7",45,2210
"SHH","PTCH1","Hedgehog","Epi_to_Str",0.141744048324582,"HG-PanIN","5666-22H03674_8","SHH_PTCH1",45,2210
"IHH","PTCH2","Hedgehog","Epi_to_Str",NA,"HG-PanIN","5666-22H03674_8","IHH_PTCH2",45,2210
"BMP2","BMPR1A","BMP","Epi_to_Str",0.129979120319121,"HG-PanIN","5666-22H03674_8","BMP2_BMPR1A",45,2210
"BMP4","BMPR2","BMP","Epi_to_Str",0.214664425266425,"HG-PanIN","5666-22H03674_8","BMP4_BMPR2",45,2210
"HGF","MET","HGF","Str_to_Epi",0.196322393955696,"HG-PanIN","5666-22H03674_8","HGF_MET",45,2210
"FGF7","FGFR2","FGF","Str_to_Epi",0.276778119323221,"HG-PanIN","5666-22H03674_8","FGF7_FGFR2",45,2210
"FGF10","FGFR2","FGF","Str_to_Epi",0.0341497476371251,"HG-PanIN","5666-22H03674_8","FGF10_FGFR2",45,2210
"WNT2","FZD7","WNT","Str_to_Epi",0.0702139711862907,"HG-PanIN","5666-22H03674_8","WNT2_FZD7",45,2210
"WNT5A","ROR2","WNT","Str_to_Epi",0.0301630817551389,"HG-PanIN","5666-22H03674_8","WNT5A_ROR2",45,2210
"RSPO3","LGR5","WNT","Str_to_Epi",0.0263175142913583,"HG-PanIN","5666-22H03674_8","RSPO3_LGR5",45,2210
"IGF1","IGF1R","IGF","Str_to_Epi",0.39002649402902,"HG-PanIN","5666-22H03674_8","IGF1_IGF1R",45,2210
"EGF","EGFR","EGF","Str_to_Epi",0.153496206420978,"HG-PanIN","5666-22H03674_8","EGF_EGFR",45,2210
"AREG","EGFR","EGF","Str_to_Epi",0.204481492141721,"HG-PanIN","5666-22H03674_8","AREG_EGFR",45,2210
"EREG","EGFR","EGF","Str_to_Epi",0.0703868384475072,"HG-PanIN","5666-22H03674_8","EREG_EGFR",45,2210
"NRG1","ERBB3","EGF","Str_to_Epi",0.272012427807056,"HG-PanIN","5666-22H03674_8","NRG1_ERBB3",45,2210
"IL6","IL6R","IL6_family","Str_to_Epi",0.268764305148352,"HG-PanIN","5666-22H03674_8","IL6_IL6R",45,2210
"LIF","LIFR","IL6_family","Str_to_Epi",0.203057490134495,"HG-PanIN","5666-22H03674_8","LIF_LIFR",45,2210
"OSM","OSMR","IL6_family","Str_to_Epi",0.216049720960757,"HG-PanIN","5666-22H03674_8","OSM_OSMR",45,2210
"CXCL12","CXCR4","Chemokine","Str_to_Epi",0.512658748280772,"HG-PanIN","5666-22H03674_8","CXCL12_CXCR4",45,2210
"CCL5","CCR5","Chemokine","Str_to_Epi",0.0807752370689299,"HG-PanIN","5666-22H03674_8","CCL5_CCR5",45,2210
"COL1A1","ITGA2","ECM_Integrin","Str_to_Epi",1.50565918422935,"HG-PanIN","5666-22H03674_8","COL1A1_ITGA2",45,2210
"COL3A1","ITGA2","ECM_Integrin","Str_to_Epi",1.78663823719916,"HG-PanIN","5666-22H03674_8","COL3A1_ITGA2",45,2210
"FN1","ITGA5","ECM_Integrin","Str_to_Epi",0.708384570317865,"HG-PanIN","5666-22H03674_8","FN1_ITGA5",45,2210
"LAMA1","ITGA6","ECM_Integrin","Str_to_Epi",0.168005739923344,"HG-PanIN","5666-22H03674_8","LAMA1_ITGA6",45,2210
"LAMB1","ITGB1","ECM_Integrin","Str_to_Epi",0.642866795549528,"HG-PanIN","5666-22H03674_8","LAMB1_ITGB1",45,2210
"POSTN","ITGAV","Matricellular","Str_to_Epi",0.543520995029787,"HG-PanIN","5666-22H03674_8","POSTN_ITGAV",45,2210
"TNC","ITGB1","Matricellular","Str_to_Epi",0.931355557784739,"HG-PanIN","5666-22H03674_8","TNC_ITGB1",45,2210
"THBS1","CD47","Matricellular","Str_to_Epi",0.847920105281067,"HG-PanIN","5666-22H03674_8","THBS1_CD47",45,2210
"THBS2","CD36","Matricellular","Str_to_Epi",0,"HG-PanIN","5666-22H03674_8","THBS2_CD36",45,2210
"TGFB1","TGFBR1","TGFb","Epi_to_Str",0.346712914232756,"HG-PanIN","5667-22H03674_9","TGFB1_TGFBR1",21,2977
"TGFB2","TGFBR2","TGFb","Epi_to_Str",0,"HG-PanIN","5667-22H03674_9","TGFB2_TGFBR2",21,2977
"PDGFA","PDGFRA","PDGF","Epi_to_Str",0.58558573354252,"HG-PanIN","5667-22H03674_9","PDGFA_PDGFRA",21,2977
"PDGFB","PDGFRB","PDGF","Epi_to_Str",0.825627931237323,"HG-PanIN","5667-22H03674_9","PDGFB_PDGFRB",21,2977
"HGF","MET","HGF","Epi_to_Str",0.099299319791509,"HG-PanIN","5667-22H03674_9","HGF_MET",21,2977
"FGF2","FGFR1","FGF","Epi_to_Str",0.0816501657499851,"HG-PanIN","5667-22H03674_9","FGF2_FGFR1",21,2977
"FGF7","FGFR2","FGF","Epi_to_Str",0.0826233660947549,"HG-PanIN","5667-22H03674_9","FGF7_FGFR2",21,2977
"VEGFA","KDR","VEGF","Epi_to_Str",0.326248513895451,"HG-PanIN","5667-22H03674_9","VEGFA_KDR",21,2977
"IL6","IL6R","IL6","Epi_to_Str",0.218476164300312,"HG-PanIN","5667-22H03674_9","IL6_IL6R",21,2977
"IL1B","IL1R1","IL1","Epi_to_Str",0.173360770350186,"HG-PanIN","5667-22H03674_9","IL1B_IL1R1",21,2977
"CXCL1","CXCR2","Chemokine","Epi_to_Str",0,"HG-PanIN","5667-22H03674_9","CXCL1_CXCR2",21,2977
"CXCL8","CXCR1","Chemokine","Epi_to_Str",0.0293297251682469,"HG-PanIN","5667-22H03674_9","CXCL8_CXCR1",21,2977
"CCL2","CCR2","Chemokine","Epi_to_Str",0.0738323253847847,"HG-PanIN","5667-22H03674_9","CCL2_CCR2",21,2977
"WNT7A","FZD1","WNT","Epi_to_Str",0.0664313397685892,"HG-PanIN","5667-22H03674_9","WNT7A_FZD1",21,2977
"WNT7B","FZD7","WNT","Epi_to_Str",0.125367594333597,"HG-PanIN","5667-22H03674_9","WNT7B_FZD7",21,2977
"SHH","PTCH1","Hedgehog","Epi_to_Str",0.149412969655276,"HG-PanIN","5667-22H03674_9","SHH_PTCH1",21,2977
"IHH","PTCH2","Hedgehog","Epi_to_Str",NA,"HG-PanIN","5667-22H03674_9","IHH_PTCH2",21,2977
"BMP2","BMPR1A","BMP","Epi_to_Str",0.148194090507662,"HG-PanIN","5667-22H03674_9","BMP2_BMPR1A",21,2977
"BMP4","BMPR2","BMP","Epi_to_Str",0.144118344926805,"HG-PanIN","5667-22H03674_9","BMP4_BMPR2",21,2977
"HGF","MET","HGF","Str_to_Epi",0.277985699497569,"HG-PanIN","5667-22H03674_9","HGF_MET",21,2977
"FGF7","FGFR2","FGF","Str_to_Epi",0.373669790010304,"HG-PanIN","5667-22H03674_9","FGF7_FGFR2",21,2977
"FGF10","FGFR2","FGF","Str_to_Epi",0.0662280631248978,"HG-PanIN","5667-22H03674_9","FGF10_FGFR2",21,2977
"WNT2","FZD7","WNT","Str_to_Epi",0.0526789106135244,"HG-PanIN","5667-22H03674_9","WNT2_FZD7",21,2977
"WNT5A","ROR2","WNT","Str_to_Epi",0.0401986071265216,"HG-PanIN","5667-22H03674_9","WNT5A_ROR2",21,2977
"RSPO3","LGR5","WNT","Str_to_Epi",0.114020238926047,"HG-PanIN","5667-22H03674_9","RSPO3_LGR5",21,2977
"IGF1","IGF1R","IGF","Str_to_Epi",0.448894084374941,"HG-PanIN","5667-22H03674_9","IGF1_IGF1R",21,2977
"EGF","EGFR","EGF","Str_to_Epi",0.267804692725969,"HG-PanIN","5667-22H03674_9","EGF_EGFR",21,2977
"AREG","EGFR","EGF","Str_to_Epi",0.261332055134715,"HG-PanIN","5667-22H03674_9","AREG_EGFR",21,2977
"EREG","EGFR","EGF","Str_to_Epi",0.0887745793568076,"HG-PanIN","5667-22H03674_9","EREG_EGFR",21,2977
"NRG1","ERBB3","EGF","Str_to_Epi",0.337553892108789,"HG-PanIN","5667-22H03674_9","NRG1_ERBB3",21,2977
"IL6","IL6R","IL6_family","Str_to_Epi",0.525574329031827,"HG-PanIN","5667-22H03674_9","IL6_IL6R",21,2977
"LIF","LIFR","IL6_family","Str_to_Epi",0.202570457656117,"HG-PanIN","5667-22H03674_9","LIF_LIFR",21,2977
"OSM","OSMR","IL6_family","Str_to_Epi",0.216512404235612,"HG-PanIN","5667-22H03674_9","OSM_OSMR",21,2977
"CXCL12","CXCR4","Chemokine","Str_to_Epi",0.42268924957826,"HG-PanIN","5667-22H03674_9","CXCL12_CXCR4",21,2977
"CCL5","CCR5","Chemokine","Str_to_Epi",0,"HG-PanIN","5667-22H03674_9","CCL5_CCR5",21,2977
"COL1A1","ITGA2","ECM_Integrin","Str_to_Epi",1.31736194369992,"HG-PanIN","5667-22H03674_9","COL1A1_ITGA2",21,2977
"COL3A1","ITGA2","ECM_Integrin","Str_to_Epi",1.64634067702861,"HG-PanIN","5667-22H03674_9","COL3A1_ITGA2",21,2977
"FN1","ITGA5","ECM_Integrin","Str_to_Epi",0.591937254248581,"HG-PanIN","5667-22H03674_9","FN1_ITGA5",21,2977
"LAMA1","ITGA6","ECM_Integrin","Str_to_Epi",0.14009152705894,"HG-PanIN","5667-22H03674_9","LAMA1_ITGA6",21,2977
"LAMB1","ITGB1","ECM_Integrin","Str_to_Epi",0.599843725662662,"HG-PanIN","5667-22H03674_9","LAMB1_ITGB1",21,2977
"POSTN","ITGAV","Matricellular","Str_to_Epi",0.492728698828353,"HG-PanIN","5667-22H03674_9","POSTN_ITGAV",21,2977
"TNC","ITGB1","Matricellular","Str_to_Epi",0.834423451017271,"HG-PanIN","5667-22H03674_9","TNC_ITGB1",21,2977
"THBS1","CD47","Matricellular","Str_to_Epi",1.00179396787561,"HG-PanIN","5667-22H03674_9","THBS1_CD47",21,2977
"THBS2","CD36","Matricellular","Str_to_Epi",0.0932393555133456,"HG-PanIN","5667-22H03674_9","THBS2_CD36",21,2977
"TGFB1","TGFBR1","TGFb","Epi_to_Str",0.313045105242472,"HG-PanIN","5668-22H06985_9","TGFB1_TGFBR1",39,933
"TGFB2","TGFBR2","TGFb","Epi_to_Str",0.191442179152455,"HG-PanIN","5668-22H06985_9","TGFB2_TGFBR2",39,933
"PDGFA","PDGFRA","PDGF","Epi_to_Str",0.594332052218789,"HG-PanIN","5668-22H06985_9","PDGFA_PDGFRA",39,933
"PDGFB","PDGFRB","PDGF","Epi_to_Str",0.37552379137877,"HG-PanIN","5668-22H06985_9","PDGFB_PDGFRB",39,933
"HGF","MET","HGF","Epi_to_Str",0.0715111012601712,"HG-PanIN","5668-22H06985_9","HGF_MET",39,933
"FGF2","FGFR1","FGF","Epi_to_Str",0.290837824976967,"HG-PanIN","5668-22H06985_9","FGF2_FGFR1",39,933
"FGF7","FGFR2","FGF","Epi_to_Str",0.178741882089422,"HG-PanIN","5668-22H06985_9","FGF7_FGFR2",39,933
"VEGFA","KDR","VEGF","Epi_to_Str",0.186705661827371,"HG-PanIN","5668-22H06985_9","VEGFA_KDR",39,933
"IL6","IL6R","IL6","Epi_to_Str",0.067907597249431,"HG-PanIN","5668-22H06985_9","IL6_IL6R",39,933
"IL1B","IL1R1","IL1","Epi_to_Str",0.301166031147362,"HG-PanIN","5668-22H06985_9","IL1B_IL1R1",39,933
"CXCL1","CXCR2","Chemokine","Epi_to_Str",0,"HG-PanIN","5668-22H06985_9","CXCL1_CXCR2",39,933
"CXCL8","CXCR1","Chemokine","Epi_to_Str",0.0145254657836674,"HG-PanIN","5668-22H06985_9","CXCL8_CXCR1",39,933
"CCL2","CCR2","Chemokine","Epi_to_Str",0.0444743498163426,"HG-PanIN","5668-22H06985_9","CCL2_CCR2",39,933
"WNT7A","FZD1","WNT","Epi_to_Str",0.101304793564649,"HG-PanIN","5668-22H06985_9","WNT7A_FZD1",39,933
"WNT7B","FZD7","WNT","Epi_to_Str",0.0848037140655148,"HG-PanIN","5668-22H06985_9","WNT7B_FZD7",39,933
"SHH","PTCH1","Hedgehog","Epi_to_Str",0.131053474076807,"HG-PanIN","5668-22H06985_9","SHH_PTCH1",39,933
"IHH","PTCH2","Hedgehog","Epi_to_Str",NA,"HG-PanIN","5668-22H06985_9","IHH_PTCH2",39,933
"BMP2","BMPR1A","BMP","Epi_to_Str",0.268218977176002,"HG-PanIN","5668-22H06985_9","BMP2_BMPR1A",39,933
"BMP4","BMPR2","BMP","Epi_to_Str",0.178127491568726,"HG-PanIN","5668-22H06985_9","BMP4_BMPR2",39,933
"HGF","MET","HGF","Str_to_Epi",0.26001194687617,"HG-PanIN","5668-22H06985_9","HGF_MET",39,933
"FGF7","FGFR2","FGF","Str_to_Epi",0.47338919094445,"HG-PanIN","5668-22H06985_9","FGF7_FGFR2",39,933
"FGF10","FGFR2","FGF","Str_to_Epi",0.103219354695621,"HG-PanIN","5668-22H06985_9","FGF10_FGFR2",39,933
"WNT2","FZD7","WNT","Str_to_Epi",0.0229668702735331,"HG-PanIN","5668-22H06985_9","WNT2_FZD7",39,933
"WNT5A","ROR2","WNT","Str_to_Epi",0.0419415494160617,"HG-PanIN","5668-22H06985_9","WNT5A_ROR2",39,933
"RSPO3","LGR5","WNT","Str_to_Epi",0.113950728212449,"HG-PanIN","5668-22H06985_9","RSPO3_LGR5",39,933
"IGF1","IGF1R","IGF","Str_to_Epi",0.28601334777186,"HG-PanIN","5668-22H06985_9","IGF1_IGF1R",39,933
"EGF","EGFR","EGF","Str_to_Epi",0.28559833050608,"HG-PanIN","5668-22H06985_9","EGF_EGFR",39,933
"AREG","EGFR","EGF","Str_to_Epi",0.206763068959442,"HG-PanIN","5668-22H06985_9","AREG_EGFR",39,933
"EREG","EGFR","EGF","Str_to_Epi",0.0486118647264581,"HG-PanIN","5668-22H06985_9","EREG_EGFR",39,933
"NRG1","ERBB3","EGF","Str_to_Epi",0.244455051596064,"HG-PanIN","5668-22H06985_9","NRG1_ERBB3",39,933
"IL6","IL6R","IL6_family","Str_to_Epi",0.371565348646438,"HG-PanIN","5668-22H06985_9","IL6_IL6R",39,933
"LIF","LIFR","IL6_family","Str_to_Epi",0.0980717525632445,"HG-PanIN","5668-22H06985_9","LIF_LIFR",39,933
"OSM","OSMR","IL6_family","Str_to_Epi",0.109310128476284,"HG-PanIN","5668-22H06985_9","OSM_OSMR",39,933
"CXCL12","CXCR4","Chemokine","Str_to_Epi",0.414751612413024,"HG-PanIN","5668-22H06985_9","CXCL12_CXCR4",39,933
"CCL5","CCR5","Chemokine","Str_to_Epi",0.0423007968473533,"HG-PanIN","5668-22H06985_9","CCL5_CCR5",39,933
"COL1A1","ITGA2","ECM_Integrin","Str_to_Epi",0.943142509955807,"HG-PanIN","5668-22H06985_9","COL1A1_ITGA2",39,933
"COL3A1","ITGA2","ECM_Integrin","Str_to_Epi",1.0623557735684,"HG-PanIN","5668-22H06985_9","COL3A1_ITGA2",39,933
"FN1","ITGA5","ECM_Integrin","Str_to_Epi",0.497188371939404,"HG-PanIN","5668-22H06985_9","FN1_ITGA5",39,933
"LAMA1","ITGA6","ECM_Integrin","Str_to_Epi",0.0985522774811286,"HG-PanIN","5668-22H06985_9","LAMA1_ITGA6",39,933
"LAMB1","ITGB1","ECM_Integrin","Str_to_Epi",0.705875464365558,"HG-PanIN","5668-22H06985_9","LAMB1_ITGB1",39,933
"POSTN","ITGAV","Matricellular","Str_to_Epi",0.382547613424084,"HG-PanIN","5668-22H06985_9","POSTN_ITGAV",39,933
"TNC","ITGB1","Matricellular","Str_to_Epi",0.560799940116555,"HG-PanIN","5668-22H06985_9","TNC_ITGB1",39,933
"THBS1","CD47","Matricellular","Str_to_Epi",1.24414134483429,"HG-PanIN","5668-22H06985_9","THBS1_CD47",39,933
"THBS2","CD36","Matricellular","Str_to_Epi",0.0707349166250239,"HG-PanIN","5668-22H06985_9","THBS2_CD36",39,933
"TGFB1","TGFBR1","TGFb","Epi_to_Str",0.139713264127479,"LG-PanIN","7530-23H11594_3","TGFB1_TGFBR1",56,560
"TGFB2","TGFBR2","TGFb","Epi_to_Str",0.264800557285142,"LG-PanIN","7530-23H11594_3","TGFB2_TGFBR2",56,560
"PDGFA","PDGFRA","PDGF","Epi_to_Str",0.581041868174881,"LG-PanIN","7530-23H11594_3","PDGFA_PDGFRA",56,560
"PDGFB","PDGFRB","PDGF","Epi_to_Str",0.379611609039328,"LG-PanIN","7530-23H11594_3","PDGFB_PDGFRB",56,560
"HGF","MET","HGF","Epi_to_Str",0,"LG-PanIN","7530-23H11594_3","HGF_MET",56,560
"FGF2","FGFR1","FGF","Epi_to_Str",0,"LG-PanIN","7530-23H11594_3","FGF2_FGFR1",56,560
"FGF7","FGFR2","FGF","Epi_to_Str",0.0963810379681223,"LG-PanIN","7530-23H11594_3","FGF7_FGFR2",56,560
"VEGFA","KDR","VEGF","Epi_to_Str",0.294562410849298,"LG-PanIN","7530-23H11594_3","VEGFA_KDR",56,560
"IL6","IL6R","IL6","Epi_to_Str",0.0867433378206146,"LG-PanIN","7530-23H11594_3","IL6_IL6R",56,560
"IL1B","IL1R1","IL1","Epi_to_Str",0.0611491901179285,"LG-PanIN","7530-23H11594_3","IL1B_IL1R1",56,560
"CXCL1","CXCR2","Chemokine","Epi_to_Str",0.0207063082358552,"LG-PanIN","7530-23H11594_3","CXCL1_CXCR2",56,560
"CXCL8","CXCR1","Chemokine","Epi_to_Str",0.0436905007633567,"LG-PanIN","7530-23H11594_3","CXCL8_CXCR1",56,560
"CCL2","CCR2","Chemokine","Epi_to_Str",0.140785645177952,"LG-PanIN","7530-23H11594_3","CCL2_CCR2",56,560
"WNT7A","FZD1","WNT","Epi_to_Str",0.0417082853836142,"LG-PanIN","7530-23H11594_3","WNT7A_FZD1",56,560
"WNT7B","FZD7","WNT","Epi_to_Str",0.0547804791942435,"LG-PanIN","7530-23H11594_3","WNT7B_FZD7",56,560
"SHH","PTCH1","Hedgehog","Epi_to_Str",0.0841024304640482,"LG-PanIN","7530-23H11594_3","SHH_PTCH1",56,560
"IHH","PTCH2","Hedgehog","Epi_to_Str",NA,"LG-PanIN","7530-23H11594_3","IHH_PTCH2",56,560
"BMP2","BMPR1A","BMP","Epi_to_Str",0.160791730198059,"LG-PanIN","7530-23H11594_3","BMP2_BMPR1A",56,560
"BMP4","BMPR2","BMP","Epi_to_Str",0.302544161080428,"LG-PanIN","7530-23H11594_3","BMP4_BMPR2",56,560
"HGF","MET","HGF","Str_to_Epi",0,"LG-PanIN","7530-23H11594_3","HGF_MET",56,560
"FGF7","FGFR2","FGF","Str_to_Epi",0.359439885351986,"LG-PanIN","7530-23H11594_3","FGF7_FGFR2",56,560
"FGF10","FGFR2","FGF","Str_to_Epi",0.104013676880743,"LG-PanIN","7530-23H11594_3","FGF10_FGFR2",56,560
"WNT2","FZD7","WNT","Str_to_Epi",0.0650857540286268,"LG-PanIN","7530-23H11594_3","WNT2_FZD7",56,560
"WNT5A","ROR2","WNT","Str_to_Epi",0.0334477877999326,"LG-PanIN","7530-23H11594_3","WNT5A_ROR2",56,560
"RSPO3","LGR5","WNT","Str_to_Epi",0.0671583272676309,"LG-PanIN","7530-23H11594_3","RSPO3_LGR5",56,560
"IGF1","IGF1R","IGF","Str_to_Epi",0.0693430080827205,"LG-PanIN","7530-23H11594_3","IGF1_IGF1R",56,560
"EGF","EGFR","EGF","Str_to_Epi",0.130914975390656,"LG-PanIN","7530-23H11594_3","EGF_EGFR",56,560
"AREG","EGFR","EGF","Str_to_Epi",0.568699765255635,"LG-PanIN","7530-23H11594_3","AREG_EGFR",56,560
"EREG","EGFR","EGF","Str_to_Epi",0.232262127725931,"LG-PanIN","7530-23H11594_3","EREG_EGFR",56,560
"NRG1","ERBB3","EGF","Str_to_Epi",0.263077190288411,"LG-PanIN","7530-23H11594_3","NRG1_ERBB3",56,560
"IL6","IL6R","IL6_family","Str_to_Epi",0.304701128310501,"LG-PanIN","7530-23H11594_3","IL6_IL6R",56,560
"LIF","LIFR","IL6_family","Str_to_Epi",0.346316244591367,"LG-PanIN","7530-23H11594_3","LIF_LIFR",56,560
"OSM","OSMR","IL6_family","Str_to_Epi",0.247596413315817,"LG-PanIN","7530-23H11594_3","OSM_OSMR",56,560
"CXCL12","CXCR4","Chemokine","Str_to_Epi",0.644782257272063,"LG-PanIN","7530-23H11594_3","CXCL12_CXCR4",56,560
"CCL5","CCR5","Chemokine","Str_to_Epi",0.0560078595211819,"LG-PanIN","7530-23H11594_3","CCL5_CCR5",56,560
"COL1A1","ITGA2","ECM_Integrin","Str_to_Epi",1.23390441268528,"LG-PanIN","7530-23H11594_3","COL1A1_ITGA2",56,560
"COL3A1","ITGA2","ECM_Integrin","Str_to_Epi",1.26675028084923,"LG-PanIN","7530-23H11594_3","COL3A1_ITGA2",56,560
"FN1","ITGA5","ECM_Integrin","Str_to_Epi",0.385586165765219,"LG-PanIN","7530-23H11594_3","FN1_ITGA5",56,560
"LAMA1","ITGA6","ECM_Integrin","Str_to_Epi",0.0807314839894822,"LG-PanIN","7530-23H11594_3","LAMA1_ITGA6",56,560
"LAMB1","ITGB1","ECM_Integrin","Str_to_Epi",0.620169379522827,"LG-PanIN","7530-23H11594_3","LAMB1_ITGB1",56,560
"POSTN","ITGAV","Matricellular","Str_to_Epi",0.0828387689692784,"LG-PanIN","7530-23H11594_3","POSTN_ITGAV",56,560
"TNC","ITGB1","Matricellular","Str_to_Epi",0.486438841158535,"LG-PanIN","7530-23H11594_3","TNC_ITGB1",56,560
"THBS1","CD47","Matricellular","Str_to_Epi",1.52475158402673,"LG-PanIN","7530-23H11594_3","THBS1_CD47",56,560
"THBS2","CD36","Matricellular","Str_to_Epi",0.202971679859353,"LG-PanIN","7530-23H11594_3","THBS2_CD36",56,560
"TGFB1","TGFBR1","TGFb","Epi_to_Str",0.310762642474097,"LG-PanIN","7529-22H03674_17","TGFB1_TGFBR1",74,571
"TGFB2","TGFBR2","TGFb","Epi_to_Str",0.371251889512162,"LG-PanIN","7529-22H03674_17","TGFB2_TGFBR2",74,571
"PDGFA","PDGFRA","PDGF","Epi_to_Str",0.559294134425856,"LG-PanIN","7529-22H03674_17","PDGFA_PDGFRA",74,571
"PDGFB","PDGFRB","PDGF","Epi_to_Str",0.285346724954063,"LG-PanIN","7529-22H03674_17","PDGFB_PDGFRB",74,571
"HGF","MET","HGF","Epi_to_Str",0,"LG-PanIN","7529-22H03674_17","HGF_MET",74,571
"FGF2","FGFR1","FGF","Epi_to_Str",0.0873461927199164,"LG-PanIN","7529-22H03674_17","FGF2_FGFR1",74,571
"FGF7","FGFR2","FGF","Epi_to_Str",0.367103284074367,"LG-PanIN","7529-22H03674_17","FGF7_FGFR2",74,571
"VEGFA","KDR","VEGF","Epi_to_Str",0.362161932291382,"LG-PanIN","7529-22H03674_17","VEGFA_KDR",74,571
"IL6","IL6R","IL6","Epi_to_Str",0.0378519537425735,"LG-PanIN","7529-22H03674_17","IL6_IL6R",74,571
"IL1B","IL1R1","IL1","Epi_to_Str",0.143699333232019,"LG-PanIN","7529-22H03674_17","IL1B_IL1R1",74,571
"CXCL1","CXCR2","Chemokine","Epi_to_Str",0.0665795697822389,"LG-PanIN","7529-22H03674_17","CXCL1_CXCR2",74,571
"CXCL8","CXCR1","Chemokine","Epi_to_Str",0.0466122233873602,"LG-PanIN","7529-22H03674_17","CXCL8_CXCR1",74,571
"CCL2","CCR2","Chemokine","Epi_to_Str",0.144387830223575,"LG-PanIN","7529-22H03674_17","CCL2_CCR2",74,571
"WNT7A","FZD1","WNT","Epi_to_Str",0.0636812602929737,"LG-PanIN","7529-22H03674_17","WNT7A_FZD1",74,571
"WNT7B","FZD7","WNT","Epi_to_Str",0.0395730166321475,"LG-PanIN","7529-22H03674_17","WNT7B_FZD7",74,571
"SHH","PTCH1","Hedgehog","Epi_to_Str",0.171621250651729,"LG-PanIN","7529-22H03674_17","SHH_PTCH1",74,571
"IHH","PTCH2","Hedgehog","Epi_to_Str",NA,"LG-PanIN","7529-22H03674_17","IHH_PTCH2",74,571
"BMP2","BMPR1A","BMP","Epi_to_Str",0.267419905416038,"LG-PanIN","7529-22H03674_17","BMP2_BMPR1A",74,571
"BMP4","BMPR2","BMP","Epi_to_Str",0.301036578555635,"LG-PanIN","7529-22H03674_17","BMP4_BMPR2",74,571
"HGF","MET","HGF","Str_to_Epi",0.0316007577247833,"LG-PanIN","7529-22H03674_17","HGF_MET",74,571
"FGF7","FGFR2","FGF","Str_to_Epi",0.487661559762752,"LG-PanIN","7529-22H03674_17","FGF7_FGFR2",74,571
"FGF10","FGFR2","FGF","Str_to_Epi",0.109023174371421,"LG-PanIN","7529-22H03674_17","FGF10_FGFR2",74,571
"WNT2","FZD7","WNT","Str_to_Epi",0.0402770692444745,"LG-PanIN","7529-22H03674_17","WNT2_FZD7",74,571
"WNT5A","ROR2","WNT","Str_to_Epi",0.0602395251103439,"LG-PanIN","7529-22H03674_17","WNT5A_ROR2",74,571
"RSPO3","LGR5","WNT","Str_to_Epi",0.0591235717688805,"LG-PanIN","7529-22H03674_17","RSPO3_LGR5",74,571
"IGF1","IGF1R","IGF","Str_to_Epi",0.0788675131587886,"LG-PanIN","7529-22H03674_17","IGF1_IGF1R",74,571
"EGF","EGFR","EGF","Str_to_Epi",0.215443362280194,"LG-PanIN","7529-22H03674_17","EGF_EGFR",74,571
"AREG","EGFR","EGF","Str_to_Epi",0.164996995125806,"LG-PanIN","7529-22H03674_17","AREG_EGFR",74,571
"EREG","EGFR","EGF","Str_to_Epi",0.09471341523991,"LG-PanIN","7529-22H03674_17","EREG_EGFR",74,571
"NRG1","ERBB3","EGF","Str_to_Epi",0.268859808070783,"LG-PanIN","7529-22H03674_17","NRG1_ERBB3",74,571
"IL6","IL6R","IL6_family","Str_to_Epi",0.143213246558998,"LG-PanIN","7529-22H03674_17","IL6_IL6R",74,571
"LIF","LIFR","IL6_family","Str_to_Epi",0.326695255731338,"LG-PanIN","7529-22H03674_17","LIF_LIFR",74,571
"OSM","OSMR","IL6_family","Str_to_Epi",0.268963560902577,"LG-PanIN","7529-22H03674_17","OSM_OSMR",74,571
"CXCL12","CXCR4","Chemokine","Str_to_Epi",1.03041471516864,"LG-PanIN","7529-22H03674_17","CXCL12_CXCR4",74,571
"CCL5","CCR5","Chemokine","Str_to_Epi",0.278194852561546,"LG-PanIN","7529-22H03674_17","CCL5_CCR5",74,571
"COL1A1","ITGA2","ECM_Integrin","Str_to_Epi",0.9000784689014,"LG-PanIN","7529-22H03674_17","COL1A1_ITGA2",74,571
"COL3A1","ITGA2","ECM_Integrin","Str_to_Epi",0.926098506657187,"LG-PanIN","7529-22H03674_17","COL3A1_ITGA2",74,571
"FN1","ITGA5","ECM_Integrin","Str_to_Epi",0.254715748607775,"LG-PanIN","7529-22H03674_17","FN1_ITGA5",74,571
"LAMA1","ITGA6","ECM_Integrin","Str_to_Epi",0.0924954741032333,"LG-PanIN","7529-22H03674_17","LAMA1_ITGA6",74,571
"LAMB1","ITGB1","ECM_Integrin","Str_to_Epi",0.673928365240719,"LG-PanIN","7529-22H03674_17","LAMB1_ITGB1",74,571
"POSTN","ITGAV","Matricellular","Str_to_Epi",0.150376842675088,"LG-PanIN","7529-22H03674_17","POSTN_ITGAV",74,571
"TNC","ITGB1","Matricellular","Str_to_Epi",0.297889544697553,"LG-PanIN","7529-22H03674_17","TNC_ITGB1",74,571
"THBS1","CD47","Matricellular","Str_to_Epi",0.928276782844344,"LG-PanIN","7529-22H03674_17","THBS1_CD47",74,571
"THBS2","CD36","Matricellular","Str_to_Epi",0.299841727926836,"LG-PanIN","7529-22H03674_17","THBS2_CD36",74,571
"TGFB1","TGFBR1","TGFb","Epi_to_Str",0.310692442828648,"LG-PanIN","7528-22H03674_11","TGFB1_TGFBR1",189,899
"TGFB2","TGFBR2","TGFb","Epi_to_Str",0.353327772144433,"LG-PanIN","7528-22H03674_11","TGFB2_TGFBR2",189,899
"PDGFA","PDGFRA","PDGF","Epi_to_Str",0.835907393742235,"LG-PanIN","7528-22H03674_11","PDGFA_PDGFRA",189,899
"PDGFB","PDGFRB","PDGF","Epi_to_Str",0.395690649032628,"LG-PanIN","7528-22H03674_11","PDGFB_PDGFRB",189,899
"HGF","MET","HGF","Epi_to_Str",0.023278214957995,"LG-PanIN","7528-22H03674_11","HGF_MET",189,899
"FGF2","FGFR1","FGF","Epi_to_Str",0,"LG-PanIN","7528-22H03674_11","FGF2_FGFR1",189,899
"FGF7","FGFR2","FGF","Epi_to_Str",0.233968244188713,"LG-PanIN","7528-22H03674_11","FGF7_FGFR2",189,899
"VEGFA","KDR","VEGF","Epi_to_Str",0.381454795177243,"LG-PanIN","7528-22H03674_11","VEGFA_KDR",189,899
"IL6","IL6R","IL6","Epi_to_Str",0.0668593128306777,"LG-PanIN","7528-22H03674_11","IL6_IL6R",189,899
"IL1B","IL1R1","IL1","Epi_to_Str",0.0847241038769706,"LG-PanIN","7528-22H03674_11","IL1B_IL1R1",189,899
"CXCL1","CXCR2","Chemokine","Epi_to_Str",0.0754161272623561,"LG-PanIN","7528-22H03674_11","CXCL1_CXCR2",189,899
"CXCL8","CXCR1","Chemokine","Epi_to_Str",0.0537251194632715,"LG-PanIN","7528-22H03674_11","CXCL8_CXCR1",189,899
"CCL2","CCR2","Chemokine","Epi_to_Str",0.172027128694727,"LG-PanIN","7528-22H03674_11","CCL2_CCR2",189,899
"WNT7A","FZD1","WNT","Epi_to_Str",0.0518382117366373,"LG-PanIN","7528-22H03674_11","WNT7A_FZD1",189,899
"WNT7B","FZD7","WNT","Epi_to_Str",0.0401848889881884,"LG-PanIN","7528-22H03674_11","WNT7B_FZD7",189,899
"SHH","PTCH1","Hedgehog","Epi_to_Str",0.202424350379658,"LG-PanIN","7528-22H03674_11","SHH_PTCH1",189,899
"IHH","PTCH2","Hedgehog","Epi_to_Str",NA,"LG-PanIN","7528-22H03674_11","IHH_PTCH2",189,899
"BMP2","BMPR1A","BMP","Epi_to_Str",0.343331370738115,"LG-PanIN","7528-22H03674_11","BMP2_BMPR1A",189,899
"BMP4","BMPR2","BMP","Epi_to_Str",0.393314227830958,"LG-PanIN","7528-22H03674_11","BMP4_BMPR2",189,899
"HGF","MET","HGF","Str_to_Epi",0.0830475466135541,"LG-PanIN","7528-22H03674_11","HGF_MET",189,899
"FGF7","FGFR2","FGF","Str_to_Epi",0.646123028644163,"LG-PanIN","7528-22H03674_11","FGF7_FGFR2",189,899
"FGF10","FGFR2","FGF","Str_to_Epi",0.207306491976594,"LG-PanIN","7528-22H03674_11","FGF10_FGFR2",189,899
"WNT2","FZD7","WNT","Str_to_Epi",0.0324776600871304,"LG-PanIN","7528-22H03674_11","WNT2_FZD7",189,899
"WNT5A","ROR2","WNT","Str_to_Epi",0.0675277184323763,"LG-PanIN","7528-22H03674_11","WNT5A_ROR2",189,899
"RSPO3","LGR5","WNT","Str_to_Epi",0.160473989601061,"LG-PanIN","7528-22H03674_11","RSPO3_LGR5",189,899
"IGF1","IGF1R","IGF","Str_to_Epi",0.0980393770937943,"LG-PanIN","7528-22H03674_11","IGF1_IGF1R",189,899
"EGF","EGFR","EGF","Str_to_Epi",0.157684312497559,"LG-PanIN","7528-22H03674_11","EGF_EGFR",189,899
"AREG","EGFR","EGF","Str_to_Epi",0.208087052423652,"LG-PanIN","7528-22H03674_11","AREG_EGFR",189,899
"EREG","EGFR","EGF","Str_to_Epi",0.134762037005455,"LG-PanIN","7528-22H03674_11","EREG_EGFR",189,899
"NRG1","ERBB3","EGF","Str_to_Epi",0.300611983344403,"LG-PanIN","7528-22H03674_11","NRG1_ERBB3",189,899
"IL6","IL6R","IL6_family","Str_to_Epi",0.162351476514474,"LG-PanIN","7528-22H03674_11","IL6_IL6R",189,899
"LIF","LIFR","IL6_family","Str_to_Epi",0.404249148214524,"LG-PanIN","7528-22H03674_11","LIF_LIFR",189,899
"OSM","OSMR","IL6_family","Str_to_Epi",0.27558095635319,"LG-PanIN","7528-22H03674_11","OSM_OSMR",189,899
"CXCL12","CXCR4","Chemokine","Str_to_Epi",1.06864101525778,"LG-PanIN","7528-22H03674_11","CXCL12_CXCR4",189,899
"CCL5","CCR5","Chemokine","Str_to_Epi",0.35622870647795,"LG-PanIN","7528-22H03674_11","CCL5_CCR5",189,899
"COL1A1","ITGA2","ECM_Integrin","Str_to_Epi",1.04277889768838,"LG-PanIN","7528-22H03674_11","COL1A1_ITGA2",189,899
"COL3A1","ITGA2","ECM_Integrin","Str_to_Epi",1.0510608590236,"LG-PanIN","7528-22H03674_11","COL3A1_ITGA2",189,899
"FN1","ITGA5","ECM_Integrin","Str_to_Epi",0.215673039259577,"LG-PanIN","7528-22H03674_11","FN1_ITGA5",189,899
"LAMA1","ITGA6","ECM_Integrin","Str_to_Epi",0.0893758155511628,"LG-PanIN","7528-22H03674_11","LAMA1_ITGA6",189,899
"LAMB1","ITGB1","ECM_Integrin","Str_to_Epi",0.659173100697564,"LG-PanIN","7528-22H03674_11","LAMB1_ITGB1",189,899
"POSTN","ITGAV","Matricellular","Str_to_Epi",0.0797351008115054,"LG-PanIN","7528-22H03674_11","POSTN_ITGAV",189,899
"TNC","ITGB1","Matricellular","Str_to_Epi",0.319644104556605,"LG-PanIN","7528-22H03674_11","TNC_ITGB1",189,899
"THBS1","CD47","Matricellular","Str_to_Epi",1.03298020806356,"LG-PanIN","7528-22H03674_11","THBS1_CD47",189,899
"THBS2","CD36","Matricellular","Str_to_Epi",0.263436488368801,"LG-PanIN","7528-22H03674_11","THBS2_CD36",189,899
"TGFB1","TGFBR1","TGFb","Epi_to_Str",0.210594095503717,"LG-PanIN","7527-18H01839_9","TGFB1_TGFBR1",65,198
"TGFB2","TGFBR2","TGFb","Epi_to_Str",0.462741523311746,"LG-PanIN","7527-18H01839_9","TGFB2_TGFBR2",65,198
"PDGFA","PDGFRA","PDGF","Epi_to_Str",0.577682674794266,"LG-PanIN","7527-18H01839_9","PDGFA_PDGFRA",65,198
"PDGFB","PDGFRB","PDGF","Epi_to_Str",0.294273136061049,"LG-PanIN","7527-18H01839_9","PDGFB_PDGFRB",65,198
"HGF","MET","HGF","Epi_to_Str",0.0497058338678129,"LG-PanIN","7527-18H01839_9","HGF_MET",65,198
"FGF2","FGFR1","FGF","Epi_to_Str",0.0574889611074215,"LG-PanIN","7527-18H01839_9","FGF2_FGFR1",65,198
"FGF7","FGFR2","FGF","Epi_to_Str",0.298808299433614,"LG-PanIN","7527-18H01839_9","FGF7_FGFR2",65,198
"VEGFA","KDR","VEGF","Epi_to_Str",0.269999194708071,"LG-PanIN","7527-18H01839_9","VEGFA_KDR",65,198
"IL6","IL6R","IL6","Epi_to_Str",0.0363312579498361,"LG-PanIN","7527-18H01839_9","IL6_IL6R",65,198
"IL1B","IL1R1","IL1","Epi_to_Str",0.0395600915147439,"LG-PanIN","7527-18H01839_9","IL1B_IL1R1",65,198
"CXCL1","CXCR2","Chemokine","Epi_to_Str",0.0393760746775874,"LG-PanIN","7527-18H01839_9","CXCL1_CXCR2",65,198
"CXCL8","CXCR1","Chemokine","Epi_to_Str",0.0351753211417829,"LG-PanIN","7527-18H01839_9","CXCL8_CXCR1",65,198
"CCL2","CCR2","Chemokine","Epi_to_Str",0.119386777739136,"LG-PanIN","7527-18H01839_9","CCL2_CCR2",65,198
"WNT7A","FZD1","WNT","Epi_to_Str",0.0926337243162506,"LG-PanIN","7527-18H01839_9","WNT7A_FZD1",65,198
"WNT7B","FZD7","WNT","Epi_to_Str",0.0475444814377964,"LG-PanIN","7527-18H01839_9","WNT7B_FZD7",65,198
"SHH","PTCH1","Hedgehog","Epi_to_Str",0.359896057642688,"LG-PanIN","7527-18H01839_9","SHH_PTCH1",65,198
"IHH","PTCH2","Hedgehog","Epi_to_Str",NA,"LG-PanIN","7527-18H01839_9","IHH_PTCH2",65,198
"BMP2","BMPR1A","BMP","Epi_to_Str",0.367476357775353,"LG-PanIN","7527-18H01839_9","BMP2_BMPR1A",65,198
"BMP4","BMPR2","BMP","Epi_to_Str",0.468505230419154,"LG-PanIN","7527-18H01839_9","BMP4_BMPR2",65,198
"HGF","MET","HGF","Str_to_Epi",0,"LG-PanIN","7527-18H01839_9","HGF_MET",65,198
"FGF7","FGFR2","FGF","Str_to_Epi",0.447225235246987,"LG-PanIN","7527-18H01839_9","FGF7_FGFR2",65,198
"FGF10","FGFR2","FGF","Str_to_Epi",0.122943819161066,"LG-PanIN","7527-18H01839_9","FGF10_FGFR2",65,198
"WNT2","FZD7","WNT","Str_to_Epi",0.0156009973934651,"LG-PanIN","7527-18H01839_9","WNT2_FZD7",65,198
"WNT5A","ROR2","WNT","Str_to_Epi",0.0774190533539428,"LG-PanIN","7527-18H01839_9","WNT5A_ROR2",65,198
"RSPO3","LGR5","WNT","Str_to_Epi",0.0274021511986586,"LG-PanIN","7527-18H01839_9","RSPO3_LGR5",65,198
"IGF1","IGF1R","IGF","Str_to_Epi",0.075879716496874,"LG-PanIN","7527-18H01839_9","IGF1_IGF1R",65,198
"EGF","EGFR","EGF","Str_to_Epi",0.208891291348564,"LG-PanIN","7527-18H01839_9","EGF_EGFR",65,198
"AREG","EGFR","EGF","Str_to_Epi",0.209578070999931,"LG-PanIN","7527-18H01839_9","AREG_EGFR",65,198
"EREG","EGFR","EGF","Str_to_Epi",0.114161026553829,"LG-PanIN","7527-18H01839_9","EREG_EGFR",65,198
"NRG1","ERBB3","EGF","Str_to_Epi",0.28099519844271,"LG-PanIN","7527-18H01839_9","NRG1_ERBB3",65,198
"IL6","IL6R","IL6_family","Str_to_Epi",0.0804311530764332,"LG-PanIN","7527-18H01839_9","IL6_IL6R",65,198
"LIF","LIFR","IL6_family","Str_to_Epi",0.201921445357595,"LG-PanIN","7527-18H01839_9","LIF_LIFR",65,198
"OSM","OSMR","IL6_family","Str_to_Epi",0.162605583659279,"LG-PanIN","7527-18H01839_9","OSM_OSMR",65,198
"CXCL12","CXCR4","Chemokine","Str_to_Epi",0.819539312850353,"LG-PanIN","7527-18H01839_9","CXCL12_CXCR4",65,198
"CCL5","CCR5","Chemokine","Str_to_Epi",0.27084860063191,"LG-PanIN","7527-18H01839_9","CCL5_CCR5",65,198
"COL1A1","ITGA2","ECM_Integrin","Str_to_Epi",1.5066291175444,"LG-PanIN","7527-18H01839_9","COL1A1_ITGA2",65,198
"COL3A1","ITGA2","ECM_Integrin","Str_to_Epi",1.60823196368587,"LG-PanIN","7527-18H01839_9","COL3A1_ITGA2",65,198
"FN1","ITGA5","ECM_Integrin","Str_to_Epi",0.284558873241576,"LG-PanIN","7527-18H01839_9","FN1_ITGA5",65,198
"LAMA1","ITGA6","ECM_Integrin","Str_to_Epi",0.124212097234068,"LG-PanIN","7527-18H01839_9","LAMA1_ITGA6",65,198
"LAMB1","ITGB1","ECM_Integrin","Str_to_Epi",0.820861798822975,"LG-PanIN","7527-18H01839_9","LAMB1_ITGB1",65,198
"POSTN","ITGAV","Matricellular","Str_to_Epi",0.13889606497482,"LG-PanIN","7527-18H01839_9","POSTN_ITGAV",65,198
"TNC","ITGB1","Matricellular","Str_to_Epi",0.36358513499472,"LG-PanIN","7527-18H01839_9","TNC_ITGB1",65,198
"THBS1","CD47","Matricellular","Str_to_Epi",0.669946218900011,"LG-PanIN","7527-18H01839_9","THBS1_CD47",65,198
"THBS2","CD36","Matricellular","Str_to_Epi",0.327665793947845,"LG-PanIN","7527-18H01839_9","THBS2_CD36",65,198
