duct,score
LG,0
HG,94
HG,1
HG,50
HG,15
LG,0
LG,0
HG,0
HG,3
HG,0
HG,3
HG,10
HG,14
HG,16
HG,1
HG,0
HG,0
HG,0
HG,0
HG,4
HG,56
HG,0
HG,24
HG,56
HG,47
HG,7
N,0
LG,0
N,0
HG,6
N,6
N,14
LG,11
N,0
HG,27
HG,0
HG,3
N,0
LG,1
HG,18
LG,0
N,0
N,0
N,0
N,35
N,0
N,0
N,0
N,16
HG,18
N,0
LG,0
N,0
N,0
N,0
N,0
N,0
HG,17
N,0
N,0
N,0
N,0
HG,0
HG,12
HG,0
HG,42
HG,0
LG,0
LG,0
HG,0
HG,3
HG,51
HG,12
HG,16
HG,19
HG,10
HG,0
HG,0
LG,0
HG,0
HG,3
HG,0
HG,21
HG,19
HG,50
LG,0
HG,0
LG,0
N,0
N,0
HG,43
N,0
N,19
LG,12
LG,0
LG,15
LG,0
HG,10
HG,9
LG,0
HG,12
LG,0
N,0
LG,3
N,49
HG,28
N,11
N,0
N,0
N,7
LG,0
N,0
LG,0
N,0
N,0
N,0
N,0
N,0
N,0
LG,8
N,0
N,0
N,0
HG,0
HG,29
HG,0
HG,0
HG,0
LG,0
LG,0
HG,0
N,3
HG,29
HG,9
HG,15
HG,41
HG,41
N,0
LG,0
LG,0
N,0
HG,3
HG,36
N,0
HG,11
HG,43
HG,34
HG,0
LG,0
LG,0
LG,0
LG,0
N,7
LG,0
N,4
N,14
HG,0
HG,0
HG,12
N,0
LG,0
HG,33
HG,26
N,0
LG,0
N,23
N,0
N,19
N,0
N,0
N,0
LG,0
N,0
LG,0
N,0
N,0
N,0
N,0
N,0
LG,0
N,0
N,0
N,0
